V1,Switch_From,Switch_To
R_00Rhf3e36LIYmAl,from Apple iPad,to Apple iPad
R_00Rhf3e36LIYmAl,from Samsung- Galaxy Tab,to Motorola- Xoom
R_00Rhf3e36LIYmAl,from Lenovo- IdeaPad,to Asus- EeePad
R_00Rhf3e36LIYmAl,from Asus- EeePad,to Lenovo- IdeaPad
R_00Rhf3e36LIYmAl,from Motorola- Xoom,to Samsung- Galaxy Tab
R_01lChz3ar0G3hTD,from Apple iPad,to Apple iPad
R_01lChz3ar0G3hTD,from Samsung- Galaxy Tab,to Samsung- Galaxy Tab
R_01lChz3ar0G3hTD,from Lenovo- IdeaPad,to Samsung- Galaxy Tab
R_01lChz3ar0G3hTD,from Asus- EeePad,to Samsung- Galaxy Tab
R_01lChz3ar0G3hTD,from Motorola- Xoom,to Apple iPad
R_01V1GavJnNwOD7D,from Apple iPad,to Samsung- Galaxy Tab
R_01V1GavJnNwOD7D,from Samsung- Galaxy Tab,to Lenovo- IdeaPad
R_01V1GavJnNwOD7D,from Lenovo- IdeaPad,to Samsung- Galaxy Tab
R_01V1GavJnNwOD7D,from Asus- EeePad,to Lenovo- IdeaPad
R_01V1GavJnNwOD7D,from Motorola- Xoom,to Samsung- Galaxy Tab
R_02Elr3dQ9os7hkx,from Apple iPad,to Apple iPad
R_02Elr3dQ9os7hkx,from Samsung- Galaxy Tab,to Apple iPad
R_02Elr3dQ9os7hkx,from Lenovo- IdeaPad,to Asus- EeePad
R_02Elr3dQ9os7hkx,from Asus- EeePad,to Lenovo- IdeaPad
R_02Elr3dQ9os7hkx,from Motorola- Xoom,to Lenovo- IdeaPad
R_02q4zch8BuN5XMN,from Apple iPad,to Apple iPad
R_02q4zch8BuN5XMN,from Samsung- Galaxy Tab,to Apple iPad
R_02q4zch8BuN5XMN,from Lenovo- IdeaPad,to Asus- EeePad
R_02q4zch8BuN5XMN,from Asus- EeePad,to Lenovo- IdeaPad
R_02q4zch8BuN5XMN,from Motorola- Xoom,to Asus- EeePad
R_02QdKmGc6fZkwRv,from Apple iPad,to Apple iPad
R_02QdKmGc6fZkwRv,from Samsung- Galaxy Tab,to Lenovo- IdeaPad
R_02QdKmGc6fZkwRv,from Lenovo- IdeaPad,to Lenovo- IdeaPad
R_02QdKmGc6fZkwRv,from Asus- EeePad,to Lenovo- IdeaPad
R_02QdKmGc6fZkwRv,from Motorola- Xoom,to Motorola- Xoom
R_02tUwAWjkE1T6NT,from Apple iPad,to Apple iPad
R_02tUwAWjkE1T6NT,from Samsung- Galaxy Tab,to Apple iPad
R_02tUwAWjkE1T6NT,from Lenovo- IdeaPad,to Apple iPad
R_02tUwAWjkE1T6NT,from Asus- EeePad,to Apple iPad
R_02tUwAWjkE1T6NT,from Motorola- Xoom,to Apple iPad
R_09Fmd1T4LrvWoXr,from Apple iPad,to Lenovo- IdeaPad
R_09Fmd1T4LrvWoXr,from Samsung- Galaxy Tab,to Apple iPad
R_09Fmd1T4LrvWoXr,from Lenovo- IdeaPad,to Apple iPad
R_09Fmd1T4LrvWoXr,from Asus- EeePad,to Lenovo- IdeaPad
R_09Fmd1T4LrvWoXr,from Motorola- Xoom,to Lenovo- IdeaPad
R_0chsaJXp5daSdgx,from Apple iPad,to Samsung- Galaxy Tab
R_0chsaJXp5daSdgx,from Samsung- Galaxy Tab,to Apple iPad
R_0chsaJXp5daSdgx,from Lenovo- IdeaPad,to Samsung- Galaxy Tab
R_0chsaJXp5daSdgx,from Asus- EeePad,to Samsung- Galaxy Tab
R_0chsaJXp5daSdgx,from Motorola- Xoom,to Samsung- Galaxy Tab
R_0CUuFmObEZDUdDf,from Apple iPad,to Apple iPad
R_0CUuFmObEZDUdDf,from Samsung- Galaxy Tab,to Samsung- Galaxy Tab
R_0CUuFmObEZDUdDf,from Lenovo- IdeaPad,to Asus- EeePad
R_0CUuFmObEZDUdDf,from Asus- EeePad,to Lenovo- IdeaPad
R_0CUuFmObEZDUdDf,from Motorola- Xoom,to Lenovo- IdeaPad
R_0HfQYAfzJaRWnaZ,from Apple iPad,to Samsung- Galaxy Tab
R_0HfQYAfzJaRWnaZ,from Samsung- Galaxy Tab,to Apple iPad
R_0HfQYAfzJaRWnaZ,from Lenovo- IdeaPad,to Samsung- Galaxy Tab
R_0HfQYAfzJaRWnaZ,from Asus- EeePad,to Samsung- Galaxy Tab
R_0HfQYAfzJaRWnaZ,from Motorola- Xoom,to Samsung- Galaxy Tab
R_0ig96KwpCFiv0VL,from Apple iPad,to Asus- EeePad
R_0ig96KwpCFiv0VL,from Samsung- Galaxy Tab,to Lenovo- IdeaPad
R_0ig96KwpCFiv0VL,from Lenovo- IdeaPad,to Samsung- Galaxy Tab
R_0ig96KwpCFiv0VL,from Asus- EeePad,to Asus- EeePad
R_0ig96KwpCFiv0VL,from Motorola- Xoom,to Lenovo- IdeaPad
R_0IXq5TsvfMKJNat,from Apple iPad,to Apple iPad
R_0IXq5TsvfMKJNat,from Samsung- Galaxy Tab,to Apple iPad
R_0IXq5TsvfMKJNat,from Lenovo- IdeaPad,to Apple iPad
R_0IXq5TsvfMKJNat,from Asus- EeePad,to Samsung- Galaxy Tab
R_0IXq5TsvfMKJNat,from Motorola- Xoom,to Samsung- Galaxy Tab
R_0iZFRs2dW5IjZHv,from Apple iPad,to Apple iPad
R_0iZFRs2dW5IjZHv,from Samsung- Galaxy Tab,to Apple iPad
R_0iZFRs2dW5IjZHv,from Lenovo- IdeaPad,to Asus- EeePad
R_0iZFRs2dW5IjZHv,from Asus- EeePad,to Samsung- Galaxy Tab
R_0iZFRs2dW5IjZHv,from Motorola- Xoom,to Asus- EeePad
R_0kz6Zuk6qYyHLYp,from Apple iPad,to Apple iPad
R_0kz6Zuk6qYyHLYp,from Samsung- Galaxy Tab,to Apple iPad
R_0kz6Zuk6qYyHLYp,from Lenovo- IdeaPad,to Motorola- Xoom
R_0kz6Zuk6qYyHLYp,from Asus- EeePad,to Motorola- Xoom
R_0kz6Zuk6qYyHLYp,from Motorola- Xoom,to Asus- EeePad
R_0MR5pvwwKFBy1et,from Apple iPad,to Samsung- Galaxy Tab
R_0MR5pvwwKFBy1et,from Samsung- Galaxy Tab,to Apple iPad
R_0MR5pvwwKFBy1et,from Lenovo- IdeaPad,to Asus- EeePad
R_0MR5pvwwKFBy1et,from Asus- EeePad,to Lenovo- IdeaPad
R_0MR5pvwwKFBy1et,from Motorola- Xoom,to Apple iPad
R_0PMxJqYvmu7ylgN,from Apple iPad,to Samsung- Galaxy Tab
R_0PMxJqYvmu7ylgN,from Samsung- Galaxy Tab,to Lenovo- IdeaPad
R_0PMxJqYvmu7ylgN,from Lenovo- IdeaPad,to Samsung- Galaxy Tab
R_0PMxJqYvmu7ylgN,from Asus- EeePad,to Lenovo- IdeaPad
R_0PMxJqYvmu7ylgN,from Motorola- Xoom,to Samsung- Galaxy Tab
R_0pucKZ4fFH4DstD,from Apple iPad,to Apple iPad
R_0pucKZ4fFH4DstD,from Samsung- Galaxy Tab,to Samsung- Galaxy Tab
R_0pucKZ4fFH4DstD,from Lenovo- IdeaPad,to Apple iPad
R_0pucKZ4fFH4DstD,from Asus- EeePad,to Apple iPad
R_0pucKZ4fFH4DstD,from Motorola- Xoom,to Apple iPad
R_0TAoldiX4WnbgUt,from Apple iPad,to Apple iPad
R_0TAoldiX4WnbgUt,from Samsung- Galaxy Tab,to Apple iPad
R_0TAoldiX4WnbgUt,from Lenovo- IdeaPad,to Asus- EeePad
R_0TAoldiX4WnbgUt,from Asus- EeePad,to Lenovo- IdeaPad
R_0TAoldiX4WnbgUt,from Motorola- Xoom,to Samsung- Galaxy Tab
R_0TxavA3zSBH1Hil,from Apple iPad,to Samsung- Galaxy Tab
R_0TxavA3zSBH1Hil,from Samsung- Galaxy Tab,to Apple iPad
R_0TxavA3zSBH1Hil,from Lenovo- IdeaPad,to Apple iPad
R_0TxavA3zSBH1Hil,from Asus- EeePad,to Apple iPad
R_0TxavA3zSBH1Hil,from Motorola- Xoom,to Apple iPad
R_0ujt5D20w44HhhX,from Apple iPad,to Apple iPad
R_0ujt5D20w44HhhX,from Samsung- Galaxy Tab,to Apple iPad
R_0ujt5D20w44HhhX,from Lenovo- IdeaPad,to Motorola- Xoom
R_0ujt5D20w44HhhX,from Asus- EeePad,to Lenovo- IdeaPad
R_0ujt5D20w44HhhX,from Motorola- Xoom,to Apple iPad
R_0ulnsEre2enfSjr,from Apple iPad,to Apple iPad
R_0ulnsEre2enfSjr,from Samsung- Galaxy Tab,to Motorola- Xoom
R_0ulnsEre2enfSjr,from Lenovo- IdeaPad,to Motorola- Xoom
R_0ulnsEre2enfSjr,from Asus- EeePad,to Motorola- Xoom
R_0ulnsEre2enfSjr,from Motorola- Xoom,to Asus- EeePad
R_0xpy2qXAawWV6zr,from Apple iPad,to Apple iPad
R_0xpy2qXAawWV6zr,from Samsung- Galaxy Tab,to Lenovo- IdeaPad
R_0xpy2qXAawWV6zr,from Lenovo- IdeaPad,to Asus- EeePad
R_0xpy2qXAawWV6zr,from Asus- EeePad,to Asus- EeePad
R_0xpy2qXAawWV6zr,from Motorola- Xoom,to Lenovo- IdeaPad
R_1A24YtUQsgBiIU5,from Apple iPad,to Apple iPad
R_1A24YtUQsgBiIU5,from Samsung- Galaxy Tab,to Samsung- Galaxy Tab
R_1A24YtUQsgBiIU5,from Lenovo- IdeaPad,to Lenovo- IdeaPad
R_1A24YtUQsgBiIU5,from Asus- EeePad,to Asus- EeePad
R_1A24YtUQsgBiIU5,from Motorola- Xoom,to Motorola- Xoom
R_1CHI2iUeDEo8MZk,from Apple iPad,to Apple iPad
R_1CHI2iUeDEo8MZk,from Samsung- Galaxy Tab,to Apple iPad
R_1CHI2iUeDEo8MZk,from Lenovo- IdeaPad,to Asus- EeePad
R_1CHI2iUeDEo8MZk,from Asus- EeePad,to Lenovo- IdeaPad
R_1CHI2iUeDEo8MZk,from Motorola- Xoom,to Samsung- Galaxy Tab
R_1eXg2ABQcaPcdP0,from Apple iPad,to Apple iPad
R_1eXg2ABQcaPcdP0,from Samsung- Galaxy Tab,to Asus- EeePad
R_1eXg2ABQcaPcdP0,from Lenovo- IdeaPad,to Motorola- Xoom
R_1eXg2ABQcaPcdP0,from Asus- EeePad,to Motorola- Xoom
R_1eXg2ABQcaPcdP0,from Motorola- Xoom,to Apple iPad
R_1FyLbiuTwWBfZgV,from Apple iPad,to Apple iPad
R_1FyLbiuTwWBfZgV,from Samsung- Galaxy Tab,to Apple iPad
R_1FyLbiuTwWBfZgV,from Lenovo- IdeaPad,to Asus- EeePad
R_1FyLbiuTwWBfZgV,from Asus- EeePad,to Motorola- Xoom
R_1FyLbiuTwWBfZgV,from Motorola- Xoom,to Samsung- Galaxy Tab
R_1fZrzrm4xGrXUaH,from Apple iPad,to Apple iPad
R_1fZrzrm4xGrXUaH,from Samsung- Galaxy Tab,to Lenovo- IdeaPad
R_1fZrzrm4xGrXUaH,from Lenovo- IdeaPad,to Motorola- Xoom
R_1fZrzrm4xGrXUaH,from Asus- EeePad,to Motorola- Xoom
R_1fZrzrm4xGrXUaH,from Motorola- Xoom,to Samsung- Galaxy Tab
R_1gBFCrhjnzVN5HH,from Apple iPad,to Apple iPad
R_1gBFCrhjnzVN5HH,from Samsung- Galaxy Tab,to Apple iPad
R_1gBFCrhjnzVN5HH,from Lenovo- IdeaPad,to Asus- EeePad
R_1gBFCrhjnzVN5HH,from Asus- EeePad,to Lenovo- IdeaPad
R_1gBFCrhjnzVN5HH,from Motorola- Xoom,to Asus- EeePad
R_1GNMiDwaCDEJcxv,from Apple iPad,to Apple iPad
R_1GNMiDwaCDEJcxv,from Samsung- Galaxy Tab,to Apple iPad
R_1GNMiDwaCDEJcxv,from Lenovo- IdeaPad,to Asus- EeePad
R_1GNMiDwaCDEJcxv,from Asus- EeePad,to Lenovo- IdeaPad
R_1GNMiDwaCDEJcxv,from Motorola- Xoom,to Motorola- Xoom
R_1HbI1wGJePqnvy7,from Apple iPad,to Apple iPad
R_1HbI1wGJePqnvy7,from Samsung- Galaxy Tab,to Motorola- Xoom
R_1HbI1wGJePqnvy7,from Lenovo- IdeaPad,to Asus- EeePad
R_1HbI1wGJePqnvy7,from Asus- EeePad,to Lenovo- IdeaPad
R_1HbI1wGJePqnvy7,from Motorola- Xoom,to Samsung- Galaxy Tab
R_1K91DIvEGo9psoq,from Apple iPad,to Apple iPad
R_1K91DIvEGo9psoq,from Samsung- Galaxy Tab,to Apple iPad
R_1K91DIvEGo9psoq,from Lenovo- IdeaPad,to Apple iPad
R_1K91DIvEGo9psoq,from Asus- EeePad,to Apple iPad
R_1K91DIvEGo9psoq,from Motorola- Xoom,to Apple iPad
R_1LEdVDLOKZc0BbD,from Apple iPad,to Apple iPad
R_1LEdVDLOKZc0BbD,from Samsung- Galaxy Tab,to Samsung- Galaxy Tab
R_1LEdVDLOKZc0BbD,from Lenovo- IdeaPad,to Samsung- Galaxy Tab
R_1LEdVDLOKZc0BbD,from Asus- EeePad,to Lenovo- IdeaPad
R_1LEdVDLOKZc0BbD,from Motorola- Xoom,to Asus- EeePad
R_1LzGVUywUOjgb8C,from Apple iPad,to Apple iPad
R_1LzGVUywUOjgb8C,from Samsung- Galaxy Tab,to Apple iPad
R_1LzGVUywUOjgb8C,from Lenovo- IdeaPad,to Apple iPad
R_1LzGVUywUOjgb8C,from Asus- EeePad,to Apple iPad
R_1LzGVUywUOjgb8C,from Motorola- Xoom,to Apple iPad
R_1O24hHW9Vrtht09,from Apple iPad,to Apple iPad
R_1O24hHW9Vrtht09,from Samsung- Galaxy Tab,to Apple iPad
R_1O24hHW9Vrtht09,from Lenovo- IdeaPad,to Samsung- Galaxy Tab
R_1O24hHW9Vrtht09,from Asus- EeePad,to Lenovo- IdeaPad
R_1O24hHW9Vrtht09,from Motorola- Xoom,to Asus- EeePad
R_1PRhSU64tWAkkXK,from Apple iPad,to Apple iPad
R_1PRhSU64tWAkkXK,from Samsung- Galaxy Tab,to Asus- EeePad
R_1PRhSU64tWAkkXK,from Lenovo- IdeaPad,to Motorola- Xoom
R_1PRhSU64tWAkkXK,from Asus- EeePad,to Samsung- Galaxy Tab
R_1PRhSU64tWAkkXK,from Motorola- Xoom,to Lenovo- IdeaPad
R_1QX4HIkfayKQ5Nj,from Apple iPad,to Samsung- Galaxy Tab
R_1QX4HIkfayKQ5Nj,from Samsung- Galaxy Tab,to Apple iPad
R_1QX4HIkfayKQ5Nj,from Lenovo- IdeaPad,to Motorola- Xoom
R_1QX4HIkfayKQ5Nj,from Asus- EeePad,to Lenovo- IdeaPad
R_1QX4HIkfayKQ5Nj,from Motorola- Xoom,to Asus- EeePad
R_20nGFVCdmz6LXwh,from Apple iPad,to Apple iPad
R_20nGFVCdmz6LXwh,from Samsung- Galaxy Tab,to Apple iPad
R_20nGFVCdmz6LXwh,from Lenovo- IdeaPad,to Motorola- Xoom
R_20nGFVCdmz6LXwh,from Asus- EeePad,to Lenovo- IdeaPad
R_20nGFVCdmz6LXwh,from Motorola- Xoom,to Asus- EeePad
R_20PaAzpjYL01zI7,from Apple iPad,to Apple iPad
R_20PaAzpjYL01zI7,from Samsung- Galaxy Tab,to Motorola- Xoom
R_20PaAzpjYL01zI7,from Lenovo- IdeaPad,to Asus- EeePad
R_20PaAzpjYL01zI7,from Asus- EeePad,to Lenovo- IdeaPad
R_20PaAzpjYL01zI7,from Motorola- Xoom,to Samsung- Galaxy Tab
R_296IjjX0VQKoKmp,from Apple iPad,to Apple iPad
R_296IjjX0VQKoKmp,from Samsung- Galaxy Tab,to Samsung- Galaxy Tab
R_296IjjX0VQKoKmp,from Lenovo- IdeaPad,to Samsung- Galaxy Tab
R_296IjjX0VQKoKmp,from Asus- EeePad,to Motorola- Xoom
R_296IjjX0VQKoKmp,from Motorola- Xoom,to Asus- EeePad
R_2aA5AZn7qwoowUR,from Apple iPad,to Apple iPad
R_2aA5AZn7qwoowUR,from Samsung- Galaxy Tab,to Lenovo- IdeaPad
R_2aA5AZn7qwoowUR,from Lenovo- IdeaPad,to Samsung- Galaxy Tab
R_2aA5AZn7qwoowUR,from Asus- EeePad,to Lenovo- IdeaPad
R_2aA5AZn7qwoowUR,from Motorola- Xoom,to Asus- EeePad
R_2D5fqNqN8jvVgcx,from Apple iPad,to Apple iPad
R_2D5fqNqN8jvVgcx,from Samsung- Galaxy Tab,to Apple iPad
R_2D5fqNqN8jvVgcx,from Lenovo- IdeaPad,to Asus- EeePad
R_2D5fqNqN8jvVgcx,from Asus- EeePad,to Lenovo- IdeaPad
R_2D5fqNqN8jvVgcx,from Motorola- Xoom,to Asus- EeePad
R_2f9evSjkMFJ7GWp,from Apple iPad,to Apple iPad
R_2f9evSjkMFJ7GWp,from Samsung- Galaxy Tab,to Apple iPad
R_2f9evSjkMFJ7GWp,from Lenovo- IdeaPad,to Asus- EeePad
R_2f9evSjkMFJ7GWp,from Asus- EeePad,to Lenovo- IdeaPad
R_2f9evSjkMFJ7GWp,from Motorola- Xoom,to Asus- EeePad
R_2fOFSB6u0AwJOK1,from Apple iPad,to Samsung- Galaxy Tab
R_2fOFSB6u0AwJOK1,from Samsung- Galaxy Tab,to Apple iPad
R_2fOFSB6u0AwJOK1,from Lenovo- IdeaPad,to Samsung- Galaxy Tab
R_2fOFSB6u0AwJOK1,from Asus- EeePad,to Samsung- Galaxy Tab
R_2fOFSB6u0AwJOK1,from Motorola- Xoom,to Samsung- Galaxy Tab
R_2fURvorgLwZQjAh,from Apple iPad,to Samsung- Galaxy Tab
R_2fURvorgLwZQjAh,from Samsung- Galaxy Tab,to Apple iPad
R_2fURvorgLwZQjAh,from Lenovo- IdeaPad,to Motorola- Xoom
R_2fURvorgLwZQjAh,from Asus- EeePad,to Lenovo- IdeaPad
R_2fURvorgLwZQjAh,from Motorola- Xoom,to Samsung- Galaxy Tab
R_2fxhTzfnOB45Xvv,from Apple iPad,to Samsung- Galaxy Tab
R_2fxhTzfnOB45Xvv,from Samsung- Galaxy Tab,to Apple iPad
R_2fxhTzfnOB45Xvv,from Lenovo- IdeaPad,to Samsung- Galaxy Tab
R_2fxhTzfnOB45Xvv,from Asus- EeePad,to Samsung- Galaxy Tab
R_2fxhTzfnOB45Xvv,from Motorola- Xoom,to Samsung- Galaxy Tab
R_2hHidMMQJTmHj9z,from Apple iPad,to Samsung- Galaxy Tab
R_2hHidMMQJTmHj9z,from Samsung- Galaxy Tab,to Asus- EeePad
R_2hHidMMQJTmHj9z,from Lenovo- IdeaPad,to Apple iPad
R_2hHidMMQJTmHj9z,from Asus- EeePad,to Apple iPad
R_2hHidMMQJTmHj9z,from Motorola- Xoom,to Samsung- Galaxy Tab
R_2hHRoDjic177sMt,from Apple iPad,to Apple iPad
R_2hHRoDjic177sMt,from Samsung- Galaxy Tab,to Apple iPad
R_2hHRoDjic177sMt,from Lenovo- IdeaPad,to Samsung- Galaxy Tab
R_2hHRoDjic177sMt,from Asus- EeePad,to Lenovo- IdeaPad
R_2hHRoDjic177sMt,from Motorola- Xoom,to Samsung- Galaxy Tab
R_2icfeAxaHCwX5Fr,from Apple iPad,to Apple iPad
R_2icfeAxaHCwX5Fr,from Samsung- Galaxy Tab,to Apple iPad
R_2icfeAxaHCwX5Fr,from Lenovo- IdeaPad,to Asus- EeePad
R_2icfeAxaHCwX5Fr,from Asus- EeePad,to Lenovo- IdeaPad
R_2icfeAxaHCwX5Fr,from Motorola- Xoom,to Lenovo- IdeaPad
R_2mkO1caa2IF1llj,from Apple iPad,to Samsung- Galaxy Tab
R_2mkO1caa2IF1llj,from Samsung- Galaxy Tab,to Samsung- Galaxy Tab
R_2mkO1caa2IF1llj,from Lenovo- IdeaPad,to Apple iPad
R_2mkO1caa2IF1llj,from Asus- EeePad,to Apple iPad
R_2mkO1caa2IF1llj,from Motorola- Xoom,to Apple iPad
R_2o6vub1kAdlj8gd,from Apple iPad,to Samsung- Galaxy Tab
R_2o6vub1kAdlj8gd,from Samsung- Galaxy Tab,to Apple iPad
R_2o6vub1kAdlj8gd,from Lenovo- IdeaPad,to Asus- EeePad
R_2o6vub1kAdlj8gd,from Asus- EeePad,to Lenovo- IdeaPad
R_2o6vub1kAdlj8gd,from Motorola- Xoom,to Motorola- Xoom
R_2sC0ADL9FORwEQZ,from Apple iPad,to Lenovo- IdeaPad
R_2sC0ADL9FORwEQZ,from Samsung- Galaxy Tab,to Apple iPad
R_2sC0ADL9FORwEQZ,from Lenovo- IdeaPad,to Apple iPad
R_2sC0ADL9FORwEQZ,from Asus- EeePad,to Apple iPad
R_2sC0ADL9FORwEQZ,from Motorola- Xoom,to Apple iPad
R_37B1dqDjBbdYRxz,from Apple iPad,to Samsung- Galaxy Tab
R_37B1dqDjBbdYRxz,from Samsung- Galaxy Tab,to Lenovo- IdeaPad
R_37B1dqDjBbdYRxz,from Lenovo- IdeaPad,to Samsung- Galaxy Tab
R_37B1dqDjBbdYRxz,from Asus- EeePad,to Lenovo- IdeaPad
R_37B1dqDjBbdYRxz,from Motorola- Xoom,to Lenovo- IdeaPad
R_39MQZEBDO0AwOB7,from Apple iPad,to Apple iPad
R_39MQZEBDO0AwOB7,from Samsung- Galaxy Tab,to Apple iPad
R_39MQZEBDO0AwOB7,from Lenovo- IdeaPad,to Samsung- Galaxy Tab
R_39MQZEBDO0AwOB7,from Asus- EeePad,to Samsung- Galaxy Tab
R_39MQZEBDO0AwOB7,from Motorola- Xoom,to Apple iPad
R_39u8LkSbsj4YYYd,from Apple iPad,to Apple iPad
R_39u8LkSbsj4YYYd,from Samsung- Galaxy Tab,to Apple iPad
R_39u8LkSbsj4YYYd,from Lenovo- IdeaPad,to Samsung- Galaxy Tab
R_39u8LkSbsj4YYYd,from Asus- EeePad,to Apple iPad
R_39u8LkSbsj4YYYd,from Motorola- Xoom,to Samsung- Galaxy Tab
R_3arM1lgzhfIA1uZ,from Apple iPad,to Samsung- Galaxy Tab
R_3arM1lgzhfIA1uZ,from Samsung- Galaxy Tab,to Motorola- Xoom
R_3arM1lgzhfIA1uZ,from Lenovo- IdeaPad,to Asus- EeePad
R_3arM1lgzhfIA1uZ,from Asus- EeePad,to Lenovo- IdeaPad
R_3arM1lgzhfIA1uZ,from Motorola- Xoom,to Samsung- Galaxy Tab
R_3dZfmDhqUQWyqEZ,from Apple iPad,to Apple iPad
R_3dZfmDhqUQWyqEZ,from Samsung- Galaxy Tab,to Apple iPad
R_3dZfmDhqUQWyqEZ,from Lenovo- IdeaPad,to Apple iPad
R_3dZfmDhqUQWyqEZ,from Asus- EeePad,to Apple iPad
R_3dZfmDhqUQWyqEZ,from Motorola- Xoom,to Apple iPad
R_3ecpw3FeY368fcx,from Apple iPad,to Apple iPad
R_3ecpw3FeY368fcx,from Samsung- Galaxy Tab,to Samsung- Galaxy Tab
R_3ecpw3FeY368fcx,from Lenovo- IdeaPad,to Samsung- Galaxy Tab
R_3ecpw3FeY368fcx,from Asus- EeePad,to Samsung- Galaxy Tab
R_3ecpw3FeY368fcx,from Motorola- Xoom,to Samsung- Galaxy Tab
R_3eJbIxDnEbqgK0d,from Apple iPad,to Lenovo- IdeaPad
R_3eJbIxDnEbqgK0d,from Samsung- Galaxy Tab,to Lenovo- IdeaPad
R_3eJbIxDnEbqgK0d,from Lenovo- IdeaPad,to Lenovo- IdeaPad
R_3eJbIxDnEbqgK0d,from Asus- EeePad,to Lenovo- IdeaPad
R_3eJbIxDnEbqgK0d,from Motorola- Xoom,to Lenovo- IdeaPad
R_3f1U6YksulCTJ7n,from Apple iPad,to Samsung- Galaxy Tab
R_3f1U6YksulCTJ7n,from Samsung- Galaxy Tab,to Samsung- Galaxy Tab
R_3f1U6YksulCTJ7n,from Lenovo- IdeaPad,to Samsung- Galaxy Tab
R_3f1U6YksulCTJ7n,from Asus- EeePad,to Lenovo- IdeaPad
R_3f1U6YksulCTJ7n,from Motorola- Xoom,to Asus- EeePad
R_3fMVsUHrtxemVhP,from Apple iPad,to Apple iPad
R_3fMVsUHrtxemVhP,from Samsung- Galaxy Tab,to Lenovo- IdeaPad
R_3fMVsUHrtxemVhP,from Lenovo- IdeaPad,to Samsung- Galaxy Tab
R_3fMVsUHrtxemVhP,from Asus- EeePad,to Asus- EeePad
R_3fMVsUHrtxemVhP,from Motorola- Xoom,to Samsung- Galaxy Tab
R_3fOec5iJUXxBLP7,from Apple iPad,to Samsung- Galaxy Tab
R_3fOec5iJUXxBLP7,from Samsung- Galaxy Tab,to Motorola- Xoom
R_3fOec5iJUXxBLP7,from Lenovo- IdeaPad,to Asus- EeePad
R_3fOec5iJUXxBLP7,from Asus- EeePad,to Lenovo- IdeaPad
R_3fOec5iJUXxBLP7,from Motorola- Xoom,to Apple iPad
R_3gGu55Lea4YDBc1,from Apple iPad,to Apple iPad
R_3gGu55Lea4YDBc1,from Samsung- Galaxy Tab,to Samsung- Galaxy Tab
R_3gGu55Lea4YDBc1,from Lenovo- IdeaPad,to Samsung- Galaxy Tab
R_3gGu55Lea4YDBc1,from Asus- EeePad,to Lenovo- IdeaPad
R_3gGu55Lea4YDBc1,from Motorola- Xoom,to Lenovo- IdeaPad
R_3HOhbOVkRGrjBXf,from Apple iPad,to Apple iPad
R_3HOhbOVkRGrjBXf,from Samsung- Galaxy Tab,to Samsung- Galaxy Tab
R_3HOhbOVkRGrjBXf,from Lenovo- IdeaPad,to Lenovo- IdeaPad
R_3HOhbOVkRGrjBXf,from Asus- EeePad,to Samsung- Galaxy Tab
R_3HOhbOVkRGrjBXf,from Motorola- Xoom,to Motorola- Xoom
R_3ICdBANNQWtPLQV,from Apple iPad,to Apple iPad
R_3ICdBANNQWtPLQV,from Samsung- Galaxy Tab,to Samsung- Galaxy Tab
R_3ICdBANNQWtPLQV,from Lenovo- IdeaPad,to Apple iPad
R_3ICdBANNQWtPLQV,from Asus- EeePad,to Apple iPad
R_3ICdBANNQWtPLQV,from Motorola- Xoom,to Apple iPad
R_3KUe7WJMNksJUgJ,from Apple iPad,to Apple iPad
R_3KUe7WJMNksJUgJ,from Samsung- Galaxy Tab,to Apple iPad
R_3KUe7WJMNksJUgJ,from Lenovo- IdeaPad,to Asus- EeePad
R_3KUe7WJMNksJUgJ,from Asus- EeePad,to Lenovo- IdeaPad
R_3KUe7WJMNksJUgJ,from Motorola- Xoom,to Samsung- Galaxy Tab
R_3l5TqlKjg9I0s61,from Apple iPad,to Samsung- Galaxy Tab
R_3l5TqlKjg9I0s61,from Samsung- Galaxy Tab,to Apple iPad
R_3l5TqlKjg9I0s61,from Lenovo- IdeaPad,to Asus- EeePad
R_3l5TqlKjg9I0s61,from Asus- EeePad,to Samsung- Galaxy Tab
R_3l5TqlKjg9I0s61,from Motorola- Xoom,to Samsung- Galaxy Tab
R_3LbxBjv9RRfuIXJ,from Apple iPad,to Apple iPad
R_3LbxBjv9RRfuIXJ,from Samsung- Galaxy Tab,to Samsung- Galaxy Tab
R_3LbxBjv9RRfuIXJ,from Lenovo- IdeaPad,to Lenovo- IdeaPad
R_3LbxBjv9RRfuIXJ,from Asus- EeePad,to Asus- EeePad
R_3LbxBjv9RRfuIXJ,from Motorola- Xoom,to Motorola- Xoom
R_3LhFrLcE81wFTek,from Apple iPad,to Apple iPad
R_3LhFrLcE81wFTek,from Samsung- Galaxy Tab,to Apple iPad
R_3LhFrLcE81wFTek,from Lenovo- IdeaPad,to Samsung- Galaxy Tab
R_3LhFrLcE81wFTek,from Asus- EeePad,to Lenovo- IdeaPad
R_3LhFrLcE81wFTek,from Motorola- Xoom,to Asus- EeePad
R_3MQX9d6YjgadfYE,from Apple iPad,to Apple iPad
R_3MQX9d6YjgadfYE,from Samsung- Galaxy Tab,to Apple iPad
R_3MQX9d6YjgadfYE,from Lenovo- IdeaPad,to Asus- EeePad
R_3MQX9d6YjgadfYE,from Asus- EeePad,to Lenovo- IdeaPad
R_3MQX9d6YjgadfYE,from Motorola- Xoom,to Samsung- Galaxy Tab
R_3PdwxhJ23dtbay9,from Apple iPad,to Apple iPad
R_3PdwxhJ23dtbay9,from Samsung- Galaxy Tab,to Apple iPad
R_3PdwxhJ23dtbay9,from Lenovo- IdeaPad,to Lenovo- IdeaPad
R_3PdwxhJ23dtbay9,from Asus- EeePad,to Motorola- Xoom
R_3PdwxhJ23dtbay9,from Motorola- Xoom,to Asus- EeePad
R_3Q1ph3XKLiOoTzf,from Apple iPad,to Apple iPad
R_3Q1ph3XKLiOoTzf,from Samsung- Galaxy Tab,to Apple iPad
R_3Q1ph3XKLiOoTzf,from Lenovo- IdeaPad,to Motorola- Xoom
R_3Q1ph3XKLiOoTzf,from Asus- EeePad,to Lenovo- IdeaPad
R_3Q1ph3XKLiOoTzf,from Motorola- Xoom,to Samsung- Galaxy Tab
R_3qswkXruq0eGiHq,from Apple iPad,to Apple iPad
R_3qswkXruq0eGiHq,from Samsung- Galaxy Tab,to Apple iPad
R_3qswkXruq0eGiHq,from Lenovo- IdeaPad,to Motorola- Xoom
R_3qswkXruq0eGiHq,from Asus- EeePad,to Lenovo- IdeaPad
R_3qswkXruq0eGiHq,from Motorola- Xoom,to Asus- EeePad
R_3rg36lm8lAUQgh7,from Apple iPad,to Apple iPad
R_3rg36lm8lAUQgh7,from Samsung- Galaxy Tab,to Samsung- Galaxy Tab
R_3rg36lm8lAUQgh7,from Lenovo- IdeaPad,to Samsung- Galaxy Tab
R_3rg36lm8lAUQgh7,from Asus- EeePad,to Samsung- Galaxy Tab
R_3rg36lm8lAUQgh7,from Motorola- Xoom,to Apple iPad
R_3rIhgT6UmrsX2P6,from Apple iPad,to Apple iPad
R_3rIhgT6UmrsX2P6,from Samsung- Galaxy Tab,to Samsung- Galaxy Tab
R_3rIhgT6UmrsX2P6,from Lenovo- IdeaPad,to Asus- EeePad
R_3rIhgT6UmrsX2P6,from Asus- EeePad,to Lenovo- IdeaPad
R_3rIhgT6UmrsX2P6,from Motorola- Xoom,to Lenovo- IdeaPad
R_3wqRM3Sso5Et5gp,from Apple iPad,to Samsung- Galaxy Tab
R_3wqRM3Sso5Et5gp,from Samsung- Galaxy Tab,to Samsung- Galaxy Tab
R_3wqRM3Sso5Et5gp,from Lenovo- IdeaPad,to Motorola- Xoom
R_3wqRM3Sso5Et5gp,from Asus- EeePad,to Lenovo- IdeaPad
R_3wqRM3Sso5Et5gp,from Motorola- Xoom,to Asus- EeePad
R_3yByoqGNeXNclGR,from Apple iPad,to Apple iPad
R_3yByoqGNeXNclGR,from Samsung- Galaxy Tab,to Samsung- Galaxy Tab
R_3yByoqGNeXNclGR,from Lenovo- IdeaPad,to Lenovo- IdeaPad
R_3yByoqGNeXNclGR,from Asus- EeePad,to Asus- EeePad
R_3yByoqGNeXNclGR,from Motorola- Xoom,to Samsung- Galaxy Tab
R_3yGbNGpJp4BFq1n,from Apple iPad,to Samsung- Galaxy Tab
R_3yGbNGpJp4BFq1n,from Samsung- Galaxy Tab,to Apple iPad
R_3yGbNGpJp4BFq1n,from Lenovo- IdeaPad,to Asus- EeePad
R_3yGbNGpJp4BFq1n,from Asus- EeePad,to Lenovo- IdeaPad
R_3yGbNGpJp4BFq1n,from Motorola- Xoom,to Motorola- Xoom
R_3z1CQO4rRj9UQoR,from Apple iPad,to Apple iPad
R_3z1CQO4rRj9UQoR,from Samsung- Galaxy Tab,to Samsung- Galaxy Tab
R_3z1CQO4rRj9UQoR,from Lenovo- IdeaPad,to Apple iPad
R_3z1CQO4rRj9UQoR,from Asus- EeePad,to Apple iPad
R_3z1CQO4rRj9UQoR,from Motorola- Xoom,to Samsung- Galaxy Tab
R_4152sSFdRqWv14x,from Apple iPad,to Apple iPad
R_4152sSFdRqWv14x,from Samsung- Galaxy Tab,to Apple iPad
R_4152sSFdRqWv14x,from Lenovo- IdeaPad,to Apple iPad
R_4152sSFdRqWv14x,from Asus- EeePad,to Apple iPad
R_4152sSFdRqWv14x,from Motorola- Xoom,to Apple iPad
R_41HcN7fY0i8JjEN,from Apple iPad,to Asus- EeePad
R_41HcN7fY0i8JjEN,from Samsung- Galaxy Tab,to Asus- EeePad
R_41HcN7fY0i8JjEN,from Lenovo- IdeaPad,to Asus- EeePad
R_41HcN7fY0i8JjEN,from Asus- EeePad,to Lenovo- IdeaPad
R_41HcN7fY0i8JjEN,from Motorola- Xoom,to Lenovo- IdeaPad
R_4HME2wDAzddCea1,from Apple iPad,to Samsung- Galaxy Tab
R_4HME2wDAzddCea1,from Samsung- Galaxy Tab,to Apple iPad
R_4HME2wDAzddCea1,from Lenovo- IdeaPad,to Asus- EeePad
R_4HME2wDAzddCea1,from Asus- EeePad,to Lenovo- IdeaPad
R_4HME2wDAzddCea1,from Motorola- Xoom,to Asus- EeePad
R_4Je85gYSVRgVwYB,from Apple iPad,to Apple iPad
R_4Je85gYSVRgVwYB,from Samsung- Galaxy Tab,to Lenovo- IdeaPad
R_4Je85gYSVRgVwYB,from Lenovo- IdeaPad,to Lenovo- IdeaPad
R_4Je85gYSVRgVwYB,from Asus- EeePad,to Apple iPad
R_4Je85gYSVRgVwYB,from Motorola- Xoom,to Motorola- Xoom
R_4JjwOVTpMfgOgV7,from Apple iPad,to Apple iPad
R_4JjwOVTpMfgOgV7,from Samsung- Galaxy Tab,to Apple iPad
R_4JjwOVTpMfgOgV7,from Lenovo- IdeaPad,to Samsung- Galaxy Tab
R_4JjwOVTpMfgOgV7,from Asus- EeePad,to Samsung- Galaxy Tab
R_4JjwOVTpMfgOgV7,from Motorola- Xoom,to Samsung- Galaxy Tab
R_4Jjxc6OI76OzCe1,from Apple iPad,to Samsung- Galaxy Tab
R_4Jjxc6OI76OzCe1,from Samsung- Galaxy Tab,to Apple iPad
R_4Jjxc6OI76OzCe1,from Lenovo- IdeaPad,to Asus- EeePad
R_4Jjxc6OI76OzCe1,from Asus- EeePad,to Lenovo- IdeaPad
R_4Jjxc6OI76OzCe1,from Motorola- Xoom,to Asus- EeePad
R_4TNqUS2pNZdwkjH,from Apple iPad,to Samsung- Galaxy Tab
R_4TNqUS2pNZdwkjH,from Samsung- Galaxy Tab,to Samsung- Galaxy Tab
R_4TNqUS2pNZdwkjH,from Lenovo- IdeaPad,to Asus- EeePad
R_4TNqUS2pNZdwkjH,from Asus- EeePad,to Lenovo- IdeaPad
R_4TNqUS2pNZdwkjH,from Motorola- Xoom,to Motorola- Xoom
R_4YDid2rq0InIe69,from Apple iPad,to Samsung- Galaxy Tab
R_4YDid2rq0InIe69,from Samsung- Galaxy Tab,to Apple iPad
R_4YDid2rq0InIe69,from Lenovo- IdeaPad,to Motorola- Xoom
R_4YDid2rq0InIe69,from Asus- EeePad,to Motorola- Xoom
R_4YDid2rq0InIe69,from Motorola- Xoom,to Asus- EeePad
R_4ZyJnvFGsvmdCU5,from Apple iPad,to Apple iPad
R_4ZyJnvFGsvmdCU5,from Samsung- Galaxy Tab,to Apple iPad
R_4ZyJnvFGsvmdCU5,from Lenovo- IdeaPad,to Asus- EeePad
R_4ZyJnvFGsvmdCU5,from Asus- EeePad,to Motorola- Xoom
R_4ZyJnvFGsvmdCU5,from Motorola- Xoom,to Lenovo- IdeaPad
R_56dSDqAK8sPWVtX,from Apple iPad,to Apple iPad
R_56dSDqAK8sPWVtX,from Samsung- Galaxy Tab,to Apple iPad
R_56dSDqAK8sPWVtX,from Lenovo- IdeaPad,to Apple iPad
R_56dSDqAK8sPWVtX,from Asus- EeePad,to Samsung- Galaxy Tab
R_56dSDqAK8sPWVtX,from Motorola- Xoom,to Apple iPad
R_5APU0wro8U7w0Dz,from Apple iPad,to Samsung- Galaxy Tab
R_5APU0wro8U7w0Dz,from Samsung- Galaxy Tab,to Apple iPad
R_5APU0wro8U7w0Dz,from Lenovo- IdeaPad,to Samsung- Galaxy Tab
R_5APU0wro8U7w0Dz,from Asus- EeePad,to Motorola- Xoom
R_5APU0wro8U7w0Dz,from Motorola- Xoom,to Lenovo- IdeaPad
R_5AzuPb852nCBBFH,from Apple iPad,to Samsung- Galaxy Tab
R_5AzuPb852nCBBFH,from Samsung- Galaxy Tab,to Apple iPad
R_5AzuPb852nCBBFH,from Lenovo- IdeaPad,to Asus- EeePad
R_5AzuPb852nCBBFH,from Asus- EeePad,to Motorola- Xoom
R_5AzuPb852nCBBFH,from Motorola- Xoom,to Asus- EeePad
R_5b6HGz3lWegIKTr,from Apple iPad,to Samsung- Galaxy Tab
R_5b6HGz3lWegIKTr,from Samsung- Galaxy Tab,to Apple iPad
R_5b6HGz3lWegIKTr,from Lenovo- IdeaPad,to Asus- EeePad
R_5b6HGz3lWegIKTr,from Asus- EeePad,to Lenovo- IdeaPad
R_5b6HGz3lWegIKTr,from Motorola- Xoom,to Lenovo- IdeaPad
R_5C7jbshTec3THmd,from Apple iPad,to Samsung- Galaxy Tab
R_5C7jbshTec3THmd,from Samsung- Galaxy Tab,to Apple iPad
R_5C7jbshTec3THmd,from Lenovo- IdeaPad,to Lenovo- IdeaPad
R_5C7jbshTec3THmd,from Asus- EeePad,to Lenovo- IdeaPad
R_5C7jbshTec3THmd,from Motorola- Xoom,to Samsung- Galaxy Tab
R_5h7MYw3x6vAxWfz,from Apple iPad,to Apple iPad
R_5h7MYw3x6vAxWfz,from Samsung- Galaxy Tab,to Apple iPad
R_5h7MYw3x6vAxWfz,from Lenovo- IdeaPad,to Motorola- Xoom
R_5h7MYw3x6vAxWfz,from Asus- EeePad,to Lenovo- IdeaPad
R_5h7MYw3x6vAxWfz,from Motorola- Xoom,to Samsung- Galaxy Tab
R_5nHM4nbad5gWuMt,from Apple iPad,to Samsung- Galaxy Tab
R_5nHM4nbad5gWuMt,from Samsung- Galaxy Tab,to Lenovo- IdeaPad
R_5nHM4nbad5gWuMt,from Lenovo- IdeaPad,to Lenovo- IdeaPad
R_5nHM4nbad5gWuMt,from Asus- EeePad,to Asus- EeePad
R_5nHM4nbad5gWuMt,from Motorola- Xoom,to Motorola- Xoom
R_5p7H3ejkboCqWfH,from Apple iPad,to Apple iPad
R_5p7H3ejkboCqWfH,from Samsung- Galaxy Tab,to Apple iPad
R_5p7H3ejkboCqWfH,from Lenovo- IdeaPad,to Samsung- Galaxy Tab
R_5p7H3ejkboCqWfH,from Asus- EeePad,to Samsung- Galaxy Tab
R_5p7H3ejkboCqWfH,from Motorola- Xoom,to Lenovo- IdeaPad
R_5sv6pEX6w3a35nT,from Apple iPad,to Apple iPad
R_5sv6pEX6w3a35nT,from Samsung- Galaxy Tab,to Samsung- Galaxy Tab
R_5sv6pEX6w3a35nT,from Lenovo- IdeaPad,to Samsung- Galaxy Tab
R_5sv6pEX6w3a35nT,from Asus- EeePad,to Lenovo- IdeaPad
R_5sv6pEX6w3a35nT,from Motorola- Xoom,to Lenovo- IdeaPad
R_6EGpFnrDCzmwIXH,from Apple iPad,to Apple iPad
R_6EGpFnrDCzmwIXH,from Samsung- Galaxy Tab,to Lenovo- IdeaPad
R_6EGpFnrDCzmwIXH,from Lenovo- IdeaPad,to Asus- EeePad
R_6EGpFnrDCzmwIXH,from Asus- EeePad,to Lenovo- IdeaPad
R_6EGpFnrDCzmwIXH,from Motorola- Xoom,to Samsung- Galaxy Tab
R_6FK4poEAotp6j4x,from Apple iPad,to Apple iPad
R_6FK4poEAotp6j4x,from Samsung- Galaxy Tab,to Apple iPad
R_6FK4poEAotp6j4x,from Lenovo- IdeaPad,to Samsung- Galaxy Tab
R_6FK4poEAotp6j4x,from Asus- EeePad,to Lenovo- IdeaPad
R_6FK4poEAotp6j4x,from Motorola- Xoom,to Samsung- Galaxy Tab
R_6FOoBrc1gEOTp89,from Apple iPad,to Apple iPad
R_6FOoBrc1gEOTp89,from Samsung- Galaxy Tab,to Lenovo- IdeaPad
R_6FOoBrc1gEOTp89,from Lenovo- IdeaPad,to Samsung- Galaxy Tab
R_6FOoBrc1gEOTp89,from Asus- EeePad,to Motorola- Xoom
R_6FOoBrc1gEOTp89,from Motorola- Xoom,to Asus- EeePad
R_6GwKqBPPBOyiLWJ,from Apple iPad,to Apple iPad
R_6GwKqBPPBOyiLWJ,from Samsung- Galaxy Tab,to Apple iPad
R_6GwKqBPPBOyiLWJ,from Lenovo- IdeaPad,to Lenovo- IdeaPad
R_6GwKqBPPBOyiLWJ,from Asus- EeePad,to Asus- EeePad
R_6GwKqBPPBOyiLWJ,from Motorola- Xoom,to Motorola- Xoom
R_6ipHWHffre5ZgVf,from Apple iPad,to Apple iPad
R_6ipHWHffre5ZgVf,from Samsung- Galaxy Tab,to Apple iPad
R_6ipHWHffre5ZgVf,from Lenovo- IdeaPad,to Asus- EeePad
R_6ipHWHffre5ZgVf,from Asus- EeePad,to Samsung- Galaxy Tab
R_6ipHWHffre5ZgVf,from Motorola- Xoom,to Asus- EeePad
R_6JuZFYJ2Pzlsp0h,from Apple iPad,to Samsung- Galaxy Tab
R_6JuZFYJ2Pzlsp0h,from Samsung- Galaxy Tab,to Apple iPad
R_6JuZFYJ2Pzlsp0h,from Lenovo- IdeaPad,to Asus- EeePad
R_6JuZFYJ2Pzlsp0h,from Asus- EeePad,to Lenovo- IdeaPad
R_6JuZFYJ2Pzlsp0h,from Motorola- Xoom,to Lenovo- IdeaPad
R_6Jz5zj3qVQz9eu1,from Apple iPad,to Apple iPad
R_6Jz5zj3qVQz9eu1,from Samsung- Galaxy Tab,to Motorola- Xoom
R_6Jz5zj3qVQz9eu1,from Lenovo- IdeaPad,to Asus- EeePad
R_6Jz5zj3qVQz9eu1,from Asus- EeePad,to Samsung- Galaxy Tab
R_6Jz5zj3qVQz9eu1,from Motorola- Xoom,to Samsung- Galaxy Tab
R_6L0dSD9mryP57Tf,from Apple iPad,to Apple iPad
R_6L0dSD9mryP57Tf,from Samsung- Galaxy Tab,to Samsung- Galaxy Tab
R_6L0dSD9mryP57Tf,from Lenovo- IdeaPad,to Lenovo- IdeaPad
R_6L0dSD9mryP57Tf,from Asus- EeePad,to Asus- EeePad
R_6L0dSD9mryP57Tf,from Motorola- Xoom,to Motorola- Xoom
R_6lhtz9xueZM5ynP,from Apple iPad,to Apple iPad
R_6lhtz9xueZM5ynP,from Samsung- Galaxy Tab,to Apple iPad
R_6lhtz9xueZM5ynP,from Lenovo- IdeaPad,to Motorola- Xoom
R_6lhtz9xueZM5ynP,from Asus- EeePad,to Lenovo- IdeaPad
R_6lhtz9xueZM5ynP,from Motorola- Xoom,to Samsung- Galaxy Tab
R_6MvbxIoPNSn8uqN,from Apple iPad,to Apple iPad
R_6MvbxIoPNSn8uqN,from Samsung- Galaxy Tab,to Apple iPad
R_6MvbxIoPNSn8uqN,from Lenovo- IdeaPad,to Asus- EeePad
R_6MvbxIoPNSn8uqN,from Asus- EeePad,to Samsung- Galaxy Tab
R_6MvbxIoPNSn8uqN,from Motorola- Xoom,to Motorola- Xoom
R_6MzsZXpfjcopwNL,from Apple iPad,to Apple iPad
R_6MzsZXpfjcopwNL,from Samsung- Galaxy Tab,to Samsung- Galaxy Tab
R_6MzsZXpfjcopwNL,from Lenovo- IdeaPad,to Lenovo- IdeaPad
R_6MzsZXpfjcopwNL,from Asus- EeePad,to Asus- EeePad
R_6MzsZXpfjcopwNL,from Motorola- Xoom,to Motorola- Xoom
R_6R27s1sDQ6WOx6Z,from Apple iPad,to Lenovo- IdeaPad
R_6R27s1sDQ6WOx6Z,from Samsung- Galaxy Tab,to Lenovo- IdeaPad
R_6R27s1sDQ6WOx6Z,from Lenovo- IdeaPad,to Samsung- Galaxy Tab
R_6R27s1sDQ6WOx6Z,from Asus- EeePad,to Apple iPad
R_6R27s1sDQ6WOx6Z,from Motorola- Xoom,to Lenovo- IdeaPad
R_6rspDS7kYn01rj7,from Apple iPad,to Apple iPad
R_6rspDS7kYn01rj7,from Samsung- Galaxy Tab,to Lenovo- IdeaPad
R_6rspDS7kYn01rj7,from Lenovo- IdeaPad,to Samsung- Galaxy Tab
R_6rspDS7kYn01rj7,from Asus- EeePad,to Lenovo- IdeaPad
R_6rspDS7kYn01rj7,from Motorola- Xoom,to Asus- EeePad
R_6tA4aSyJVHmuJ25,from Apple iPad,to Apple iPad
R_6tA4aSyJVHmuJ25,from Samsung- Galaxy Tab,to Samsung- Galaxy Tab
R_6tA4aSyJVHmuJ25,from Lenovo- IdeaPad,to Asus- EeePad
R_6tA4aSyJVHmuJ25,from Asus- EeePad,to Lenovo- IdeaPad
R_6tA4aSyJVHmuJ25,from Motorola- Xoom,to Asus- EeePad
R_6XqoPxABLvjaNgx,from Apple iPad,to Apple iPad
R_6XqoPxABLvjaNgx,from Samsung- Galaxy Tab,to Apple iPad
R_6XqoPxABLvjaNgx,from Lenovo- IdeaPad,to Apple iPad
R_6XqoPxABLvjaNgx,from Asus- EeePad,to Apple iPad
R_6XqoPxABLvjaNgx,from Motorola- Xoom,to Apple iPad
R_6YC4873v7m2mrs1,from Apple iPad,to Apple iPad
R_6YC4873v7m2mrs1,from Samsung- Galaxy Tab,to Apple iPad
R_6YC4873v7m2mrs1,from Lenovo- IdeaPad,to Apple iPad
R_6YC4873v7m2mrs1,from Asus- EeePad,to Apple iPad
R_6YC4873v7m2mrs1,from Motorola- Xoom,to Apple iPad
R_72vm8TcY8ocJt9b,from Apple iPad,to Samsung- Galaxy Tab
R_72vm8TcY8ocJt9b,from Samsung- Galaxy Tab,to Apple iPad
R_72vm8TcY8ocJt9b,from Lenovo- IdeaPad,to Lenovo- IdeaPad
R_72vm8TcY8ocJt9b,from Asus- EeePad,to Samsung- Galaxy Tab
R_72vm8TcY8ocJt9b,from Motorola- Xoom,to Samsung- Galaxy Tab
R_74M6lToLJMclRhX,from Apple iPad,to Samsung- Galaxy Tab
R_74M6lToLJMclRhX,from Samsung- Galaxy Tab,to Samsung- Galaxy Tab
R_74M6lToLJMclRhX,from Lenovo- IdeaPad,to Samsung- Galaxy Tab
R_74M6lToLJMclRhX,from Asus- EeePad,to Samsung- Galaxy Tab
R_74M6lToLJMclRhX,from Motorola- Xoom,to Samsung- Galaxy Tab
R_77lD73DM757AJ7L,from Apple iPad,to Samsung- Galaxy Tab
R_77lD73DM757AJ7L,from Samsung- Galaxy Tab,to Apple iPad
R_77lD73DM757AJ7L,from Lenovo- IdeaPad,to Apple iPad
R_77lD73DM757AJ7L,from Asus- EeePad,to Apple iPad
R_77lD73DM757AJ7L,from Motorola- Xoom,to Apple iPad
R_7NzwzGpyeDxBdlP,from Apple iPad,to Samsung- Galaxy Tab
R_7NzwzGpyeDxBdlP,from Samsung- Galaxy Tab,to Apple iPad
R_7NzwzGpyeDxBdlP,from Lenovo- IdeaPad,to Asus- EeePad
R_7NzwzGpyeDxBdlP,from Asus- EeePad,to Lenovo- IdeaPad
R_7NzwzGpyeDxBdlP,from Motorola- Xoom,to Samsung- Galaxy Tab
R_7PNVhCJFIxHdKbr,from Apple iPad,to Apple iPad
R_7PNVhCJFIxHdKbr,from Samsung- Galaxy Tab,to Apple iPad
R_7PNVhCJFIxHdKbr,from Lenovo- IdeaPad,to Motorola- Xoom
R_7PNVhCJFIxHdKbr,from Asus- EeePad,to Lenovo- IdeaPad
R_7PNVhCJFIxHdKbr,from Motorola- Xoom,to Asus- EeePad
R_87CyuQZQcqcG2jP,from Apple iPad,to Apple iPad
R_87CyuQZQcqcG2jP,from Samsung- Galaxy Tab,to Samsung- Galaxy Tab
R_87CyuQZQcqcG2jP,from Lenovo- IdeaPad,to Lenovo- IdeaPad
R_87CyuQZQcqcG2jP,from Asus- EeePad,to Asus- EeePad
R_87CyuQZQcqcG2jP,from Motorola- Xoom,to Motorola- Xoom
R_8bMyoMgMk3Diycl,from Apple iPad,to Samsung- Galaxy Tab
R_8bMyoMgMk3Diycl,from Samsung- Galaxy Tab,to Apple iPad
R_8bMyoMgMk3Diycl,from Lenovo- IdeaPad,to Samsung- Galaxy Tab
R_8bMyoMgMk3Diycl,from Asus- EeePad,to Samsung- Galaxy Tab
R_8bMyoMgMk3Diycl,from Motorola- Xoom,to Samsung- Galaxy Tab
R_8C7xGIkAoymdA7b,from Apple iPad,to Apple iPad
R_8C7xGIkAoymdA7b,from Samsung- Galaxy Tab,to Samsung- Galaxy Tab
R_8C7xGIkAoymdA7b,from Lenovo- IdeaPad,to Asus- EeePad
R_8C7xGIkAoymdA7b,from Asus- EeePad,to Lenovo- IdeaPad
R_8C7xGIkAoymdA7b,from Motorola- Xoom,to Samsung- Galaxy Tab
R_8ctYPFv4E2xuSe9,from Apple iPad,to Apple iPad
R_8ctYPFv4E2xuSe9,from Samsung- Galaxy Tab,to Motorola- Xoom
R_8ctYPFv4E2xuSe9,from Lenovo- IdeaPad,to Samsung- Galaxy Tab
R_8ctYPFv4E2xuSe9,from Asus- EeePad,to Samsung- Galaxy Tab
R_8ctYPFv4E2xuSe9,from Motorola- Xoom,to Samsung- Galaxy Tab
R_8eTAp69rD9hBpEF,from Apple iPad,to Apple iPad
R_8eTAp69rD9hBpEF,from Samsung- Galaxy Tab,to Samsung- Galaxy Tab
R_8eTAp69rD9hBpEF,from Lenovo- IdeaPad,to Lenovo- IdeaPad
R_8eTAp69rD9hBpEF,from Asus- EeePad,to Asus- EeePad
R_8eTAp69rD9hBpEF,from Motorola- Xoom,to Motorola- Xoom
R_8i9FwGTWl8PXUiN,from Apple iPad,to Samsung- Galaxy Tab
R_8i9FwGTWl8PXUiN,from Samsung- Galaxy Tab,to Samsung- Galaxy Tab
R_8i9FwGTWl8PXUiN,from Lenovo- IdeaPad,to Asus- EeePad
R_8i9FwGTWl8PXUiN,from Asus- EeePad,to Lenovo- IdeaPad
R_8i9FwGTWl8PXUiN,from Motorola- Xoom,to Samsung- Galaxy Tab
R_8IYnVA6v4qaKdXn,from Apple iPad,to Apple iPad
R_8IYnVA6v4qaKdXn,from Samsung- Galaxy Tab,to Samsung- Galaxy Tab
R_8IYnVA6v4qaKdXn,from Lenovo- IdeaPad,to Asus- EeePad
R_8IYnVA6v4qaKdXn,from Asus- EeePad,to Lenovo- IdeaPad
R_8IYnVA6v4qaKdXn,from Motorola- Xoom,to Samsung- Galaxy Tab
R_8k0GtnG80TE3NUF,from Apple iPad,to Apple iPad
R_8k0GtnG80TE3NUF,from Samsung- Galaxy Tab,to Apple iPad
R_8k0GtnG80TE3NUF,from Lenovo- IdeaPad,to Asus- EeePad
R_8k0GtnG80TE3NUF,from Asus- EeePad,to Lenovo- IdeaPad
R_8k0GtnG80TE3NUF,from Motorola- Xoom,to Asus- EeePad
R_8kOxi7tzwhKAPtj,from Apple iPad,to Apple iPad
R_8kOxi7tzwhKAPtj,from Samsung- Galaxy Tab,to Apple iPad
R_8kOxi7tzwhKAPtj,from Lenovo- IdeaPad,to Lenovo- IdeaPad
R_8kOxi7tzwhKAPtj,from Asus- EeePad,to Motorola- Xoom
R_8kOxi7tzwhKAPtj,from Motorola- Xoom,to Asus- EeePad
R_8rnkYfhN0wcxSsJ,from Apple iPad,to Apple iPad
R_8rnkYfhN0wcxSsJ,from Samsung- Galaxy Tab,to Samsung- Galaxy Tab
R_8rnkYfhN0wcxSsJ,from Lenovo- IdeaPad,to Asus- EeePad
R_8rnkYfhN0wcxSsJ,from Asus- EeePad,to Lenovo- IdeaPad
R_8rnkYfhN0wcxSsJ,from Motorola- Xoom,to Lenovo- IdeaPad
R_8uz2qIVZNibhmxD,from Apple iPad,to Samsung- Galaxy Tab
R_8uz2qIVZNibhmxD,from Samsung- Galaxy Tab,to Motorola- Xoom
R_8uz2qIVZNibhmxD,from Lenovo- IdeaPad,to Asus- EeePad
R_8uz2qIVZNibhmxD,from Asus- EeePad,to Lenovo- IdeaPad
R_8uz2qIVZNibhmxD,from Motorola- Xoom,to Samsung- Galaxy Tab
R_8v5vvGbPFsCDvFP,from Apple iPad,to Apple iPad
R_8v5vvGbPFsCDvFP,from Samsung- Galaxy Tab,to Samsung- Galaxy Tab
R_8v5vvGbPFsCDvFP,from Lenovo- IdeaPad,to Lenovo- IdeaPad
R_8v5vvGbPFsCDvFP,from Asus- EeePad,to Asus- EeePad
R_8v5vvGbPFsCDvFP,from Motorola- Xoom,to Motorola- Xoom
R_8vUCGpwQlRfiwPH,from Apple iPad,to Apple iPad
R_8vUCGpwQlRfiwPH,from Samsung- Galaxy Tab,to Samsung- Galaxy Tab
R_8vUCGpwQlRfiwPH,from Lenovo- IdeaPad,to Samsung- Galaxy Tab
R_8vUCGpwQlRfiwPH,from Asus- EeePad,to Motorola- Xoom
R_8vUCGpwQlRfiwPH,from Motorola- Xoom,to Asus- EeePad
R_8wsKkzy7pG8UAm1,from Apple iPad,to Samsung- Galaxy Tab
R_8wsKkzy7pG8UAm1,from Samsung- Galaxy Tab,to Apple iPad
R_8wsKkzy7pG8UAm1,from Lenovo- IdeaPad,to Asus- EeePad
R_8wsKkzy7pG8UAm1,from Asus- EeePad,to Lenovo- IdeaPad
R_8wsKkzy7pG8UAm1,from Motorola- Xoom,to Motorola- Xoom
R_8wwxHwnMXL0oiIR,from Apple iPad,to Apple iPad
R_8wwxHwnMXL0oiIR,from Samsung- Galaxy Tab,to Apple iPad
R_8wwxHwnMXL0oiIR,from Lenovo- IdeaPad,to Asus- EeePad
R_8wwxHwnMXL0oiIR,from Asus- EeePad,to Motorola- Xoom
R_8wwxHwnMXL0oiIR,from Motorola- Xoom,to Lenovo- IdeaPad
R_9ACecYHhXepBTCd,from Apple iPad,to Samsung- Galaxy Tab
R_9ACecYHhXepBTCd,from Samsung- Galaxy Tab,to Apple iPad
R_9ACecYHhXepBTCd,from Lenovo- IdeaPad,to Apple iPad
R_9ACecYHhXepBTCd,from Asus- EeePad,to Apple iPad
R_9ACecYHhXepBTCd,from Motorola- Xoom,to Apple iPad
R_9EmMj6sovPP0qNL,from Apple iPad,to Asus- EeePad
R_9EmMj6sovPP0qNL,from Samsung- Galaxy Tab,to Asus- EeePad
R_9EmMj6sovPP0qNL,from Lenovo- IdeaPad,to Samsung- Galaxy Tab
R_9EmMj6sovPP0qNL,from Asus- EeePad,to Lenovo- IdeaPad
R_9EmMj6sovPP0qNL,from Motorola- Xoom,to Lenovo- IdeaPad
R_9EOcdGnZcfmzLDf,from Apple iPad,to Apple iPad
R_9EOcdGnZcfmzLDf,from Samsung- Galaxy Tab,to Samsung- Galaxy Tab
R_9EOcdGnZcfmzLDf,from Lenovo- IdeaPad,to Lenovo- IdeaPad
R_9EOcdGnZcfmzLDf,from Asus- EeePad,to Asus- EeePad
R_9EOcdGnZcfmzLDf,from Motorola- Xoom,to Motorola- Xoom
R_9GfTzzUCkxG2Znf,from Apple iPad,to Apple iPad
R_9GfTzzUCkxG2Znf,from Samsung- Galaxy Tab,to Samsung- Galaxy Tab
R_9GfTzzUCkxG2Znf,from Lenovo- IdeaPad,to Lenovo- IdeaPad
R_9GfTzzUCkxG2Znf,from Asus- EeePad,to Asus- EeePad
R_9GfTzzUCkxG2Znf,from Motorola- Xoom,to Motorola- Xoom
R_9nUCTeAE6pv9BuB,from Apple iPad,to Apple iPad
R_9nUCTeAE6pv9BuB,from Samsung- Galaxy Tab,to Samsung- Galaxy Tab
R_9nUCTeAE6pv9BuB,from Lenovo- IdeaPad,to Lenovo- IdeaPad
R_9nUCTeAE6pv9BuB,from Asus- EeePad,to Asus- EeePad
R_9nUCTeAE6pv9BuB,from Motorola- Xoom,to Samsung- Galaxy Tab
R_9QY2IT6NEjg4Ylv,from Apple iPad,to Apple iPad
R_9QY2IT6NEjg4Ylv,from Samsung- Galaxy Tab,to Lenovo- IdeaPad
R_9QY2IT6NEjg4Ylv,from Lenovo- IdeaPad,to Samsung- Galaxy Tab
R_9QY2IT6NEjg4Ylv,from Asus- EeePad,to Motorola- Xoom
R_9QY2IT6NEjg4Ylv,from Motorola- Xoom,to Asus- EeePad
R_9RkbihlUJY0dgyN,from Apple iPad,to Apple iPad
R_9RkbihlUJY0dgyN,from Samsung- Galaxy Tab,to Apple iPad
R_9RkbihlUJY0dgyN,from Lenovo- IdeaPad,to Asus- EeePad
R_9RkbihlUJY0dgyN,from Asus- EeePad,to Lenovo- IdeaPad
R_9RkbihlUJY0dgyN,from Motorola- Xoom,to Samsung- Galaxy Tab
R_9Sm6VGcGmQt5JZL,from Apple iPad,to Apple iPad
R_9Sm6VGcGmQt5JZL,from Samsung- Galaxy Tab,to Apple iPad
R_9Sm6VGcGmQt5JZL,from Lenovo- IdeaPad,to Motorola- Xoom
R_9Sm6VGcGmQt5JZL,from Asus- EeePad,to Lenovo- IdeaPad
R_9Sm6VGcGmQt5JZL,from Motorola- Xoom,to Lenovo- IdeaPad
R_9So2jS8Xg288Ect,from Apple iPad,to Apple iPad
R_9So2jS8Xg288Ect,from Samsung- Galaxy Tab,to Lenovo- IdeaPad
R_9So2jS8Xg288Ect,from Lenovo- IdeaPad,to Asus- EeePad
R_9So2jS8Xg288Ect,from Asus- EeePad,to Lenovo- IdeaPad
R_9So2jS8Xg288Ect,from Motorola- Xoom,to Motorola- Xoom
R_9tauxLDnCbboSwt,from Apple iPad,to Apple iPad
R_9tauxLDnCbboSwt,from Samsung- Galaxy Tab,to Apple iPad
R_9tauxLDnCbboSwt,from Lenovo- IdeaPad,to Asus- EeePad
R_9tauxLDnCbboSwt,from Asus- EeePad,to Lenovo- IdeaPad
R_9tauxLDnCbboSwt,from Motorola- Xoom,to Motorola- Xoom
R_9TuQYbgCgC9Beh7,from Apple iPad,to Apple iPad
R_9TuQYbgCgC9Beh7,from Samsung- Galaxy Tab,to Apple iPad
R_9TuQYbgCgC9Beh7,from Lenovo- IdeaPad,to Samsung- Galaxy Tab
R_9TuQYbgCgC9Beh7,from Asus- EeePad,to Lenovo- IdeaPad
R_9TuQYbgCgC9Beh7,from Motorola- Xoom,to Samsung- Galaxy Tab
R_9ubIkDCG9jodt2t,from Apple iPad,to Apple iPad
R_9ubIkDCG9jodt2t,from Samsung- Galaxy Tab,to Lenovo- IdeaPad
R_9ubIkDCG9jodt2t,from Lenovo- IdeaPad,to Asus- EeePad
R_9ubIkDCG9jodt2t,from Asus- EeePad,to Lenovo- IdeaPad
R_9ubIkDCG9jodt2t,from Motorola- Xoom,to Samsung- Galaxy Tab
R_9vKet8tsadhbXet,from Apple iPad,to Apple iPad
R_9vKet8tsadhbXet,from Samsung- Galaxy Tab,to Samsung- Galaxy Tab
R_9vKet8tsadhbXet,from Lenovo- IdeaPad,to Samsung- Galaxy Tab
R_9vKet8tsadhbXet,from Asus- EeePad,to Lenovo- IdeaPad
R_9vKet8tsadhbXet,from Motorola- Xoom,to Samsung- Galaxy Tab
R_9vl4RBCkNdZJc3j,from Apple iPad,to Samsung- Galaxy Tab
R_9vl4RBCkNdZJc3j,from Samsung- Galaxy Tab,to Asus- EeePad
R_9vl4RBCkNdZJc3j,from Lenovo- IdeaPad,to Asus- EeePad
R_9vl4RBCkNdZJc3j,from Asus- EeePad,to Lenovo- IdeaPad
R_9vl4RBCkNdZJc3j,from Motorola- Xoom,to Asus- EeePad
R_9WDBeDuzrGau1vf,from Apple iPad,to Samsung- Galaxy Tab
R_9WDBeDuzrGau1vf,from Samsung- Galaxy Tab,to Apple iPad
R_9WDBeDuzrGau1vf,from Lenovo- IdeaPad,to Samsung- Galaxy Tab
R_9WDBeDuzrGau1vf,from Asus- EeePad,to Lenovo- IdeaPad
R_9WDBeDuzrGau1vf,from Motorola- Xoom,to Asus- EeePad
R_9yRCdsHe01VhKqp,from Apple iPad,to Apple iPad
R_9yRCdsHe01VhKqp,from Samsung- Galaxy Tab,to Samsung- Galaxy Tab
R_9yRCdsHe01VhKqp,from Lenovo- IdeaPad,to Asus- EeePad
R_9yRCdsHe01VhKqp,from Asus- EeePad,to Samsung- Galaxy Tab
R_9yRCdsHe01VhKqp,from Motorola- Xoom,to Samsung- Galaxy Tab
R_9ZRN8i8DfsNh6El,from Apple iPad,to Apple iPad
R_9ZRN8i8DfsNh6El,from Samsung- Galaxy Tab,to Apple iPad
R_9ZRN8i8DfsNh6El,from Lenovo- IdeaPad,to Motorola- Xoom
R_9ZRN8i8DfsNh6El,from Asus- EeePad,to Lenovo- IdeaPad
R_9ZRN8i8DfsNh6El,from Motorola- Xoom,to Lenovo- IdeaPad
R_a4tgkLfsdZ3eNoh,from Apple iPad,to Apple iPad
R_a4tgkLfsdZ3eNoh,from Samsung- Galaxy Tab,to Samsung- Galaxy Tab
R_a4tgkLfsdZ3eNoh,from Lenovo- IdeaPad,to Samsung- Galaxy Tab
R_a4tgkLfsdZ3eNoh,from Asus- EeePad,to Samsung- Galaxy Tab
R_a4tgkLfsdZ3eNoh,from Motorola- Xoom,to Lenovo- IdeaPad
R_a4YjXdB9zOvzBzv,from Apple iPad,to Apple iPad
R_a4YjXdB9zOvzBzv,from Samsung- Galaxy Tab,to Apple iPad
R_a4YjXdB9zOvzBzv,from Lenovo- IdeaPad,to Asus- EeePad
R_a4YjXdB9zOvzBzv,from Asus- EeePad,to Motorola- Xoom
R_a4YjXdB9zOvzBzv,from Motorola- Xoom,to Apple iPad
R_a59TY12pKFDrBZP,from Apple iPad,to Apple iPad
R_a59TY12pKFDrBZP,from Samsung- Galaxy Tab,to Samsung- Galaxy Tab
R_a59TY12pKFDrBZP,from Lenovo- IdeaPad,to Asus- EeePad
R_a59TY12pKFDrBZP,from Asus- EeePad,to Lenovo- IdeaPad
R_a59TY12pKFDrBZP,from Motorola- Xoom,to Lenovo- IdeaPad
R_a9r7iiadj3subyJ,from Apple iPad,to Samsung- Galaxy Tab
R_a9r7iiadj3subyJ,from Samsung- Galaxy Tab,to Apple iPad
R_a9r7iiadj3subyJ,from Lenovo- IdeaPad,to Apple iPad
R_a9r7iiadj3subyJ,from Asus- EeePad,to Apple iPad
R_a9r7iiadj3subyJ,from Motorola- Xoom,to Apple iPad
R_a9TGYd9U4H4ADI1,from Apple iPad,to Lenovo- IdeaPad
R_a9TGYd9U4H4ADI1,from Samsung- Galaxy Tab,to Motorola- Xoom
R_a9TGYd9U4H4ADI1,from Lenovo- IdeaPad,to Asus- EeePad
R_a9TGYd9U4H4ADI1,from Asus- EeePad,to Samsung- Galaxy Tab
R_a9TGYd9U4H4ADI1,from Motorola- Xoom,to Apple iPad
R_aawgrYLGkLlyFNz,from Apple iPad,to Samsung- Galaxy Tab
R_aawgrYLGkLlyFNz,from Samsung- Galaxy Tab,to Apple iPad
R_aawgrYLGkLlyFNz,from Lenovo- IdeaPad,to Asus- EeePad
R_aawgrYLGkLlyFNz,from Asus- EeePad,to Lenovo- IdeaPad
R_aawgrYLGkLlyFNz,from Motorola- Xoom,to Samsung- Galaxy Tab
R_ahLtOTW5V7KtmjX,from Apple iPad,to Apple iPad
R_ahLtOTW5V7KtmjX,from Samsung- Galaxy Tab,to Samsung- Galaxy Tab
R_ahLtOTW5V7KtmjX,from Lenovo- IdeaPad,to Asus- EeePad
R_ahLtOTW5V7KtmjX,from Asus- EeePad,to Lenovo- IdeaPad
R_ahLtOTW5V7KtmjX,from Motorola- Xoom,to Lenovo- IdeaPad
R_aYweU2XCBlMhPy5,from Apple iPad,to Apple iPad
R_aYweU2XCBlMhPy5,from Samsung- Galaxy Tab,to Apple iPad
R_aYweU2XCBlMhPy5,from Lenovo- IdeaPad,to Asus- EeePad
R_aYweU2XCBlMhPy5,from Asus- EeePad,to Lenovo- IdeaPad
R_aYweU2XCBlMhPy5,from Motorola- Xoom,to Lenovo- IdeaPad
R_b1Mn0Q7LEy44KW1,from Apple iPad,to Apple iPad
R_b1Mn0Q7LEy44KW1,from Samsung- Galaxy Tab,to Motorola- Xoom
R_b1Mn0Q7LEy44KW1,from Lenovo- IdeaPad,to Asus- EeePad
R_b1Mn0Q7LEy44KW1,from Asus- EeePad,to Lenovo- IdeaPad
R_b1Mn0Q7LEy44KW1,from Motorola- Xoom,to Samsung- Galaxy Tab
R_b25DGMVB3jzQOnX,from Apple iPad,to Apple iPad
R_b25DGMVB3jzQOnX,from Samsung- Galaxy Tab,to Apple iPad
R_b25DGMVB3jzQOnX,from Lenovo- IdeaPad,to Asus- EeePad
R_b25DGMVB3jzQOnX,from Asus- EeePad,to Samsung- Galaxy Tab
R_b25DGMVB3jzQOnX,from Motorola- Xoom,to Samsung- Galaxy Tab
R_b28orhghpWeBqPH,from Apple iPad,to Apple iPad
R_b28orhghpWeBqPH,from Samsung- Galaxy Tab,to Apple iPad
R_b28orhghpWeBqPH,from Lenovo- IdeaPad,to Apple iPad
R_b28orhghpWeBqPH,from Asus- EeePad,to Lenovo- IdeaPad
R_b28orhghpWeBqPH,from Motorola- Xoom,to Lenovo- IdeaPad
R_b3o2tnE7vsVtgGN,from Apple iPad,to Samsung- Galaxy Tab
R_b3o2tnE7vsVtgGN,from Samsung- Galaxy Tab,to Apple iPad
R_b3o2tnE7vsVtgGN,from Lenovo- IdeaPad,to Lenovo- IdeaPad
R_b3o2tnE7vsVtgGN,from Asus- EeePad,to Apple iPad
R_b3o2tnE7vsVtgGN,from Motorola- Xoom,to Lenovo- IdeaPad
R_b3o4EYbvvsfdlyJ,from Apple iPad,to Samsung- Galaxy Tab
R_b3o4EYbvvsfdlyJ,from Samsung- Galaxy Tab,to Apple iPad
R_b3o4EYbvvsfdlyJ,from Lenovo- IdeaPad,to Samsung- Galaxy Tab
R_b3o4EYbvvsfdlyJ,from Asus- EeePad,to Samsung- Galaxy Tab
R_b3o4EYbvvsfdlyJ,from Motorola- Xoom,to Samsung- Galaxy Tab
R_b4abHUNYppFI7rf,from Apple iPad,to Samsung- Galaxy Tab
R_b4abHUNYppFI7rf,from Samsung- Galaxy Tab,to Apple iPad
R_b4abHUNYppFI7rf,from Lenovo- IdeaPad,to Asus- EeePad
R_b4abHUNYppFI7rf,from Asus- EeePad,to Motorola- Xoom
R_b4abHUNYppFI7rf,from Motorola- Xoom,to Motorola- Xoom
R_b4yG6xE9VXPsCnH,from Apple iPad,to Apple iPad
R_b4yG6xE9VXPsCnH,from Samsung- Galaxy Tab,to Apple iPad
R_b4yG6xE9VXPsCnH,from Lenovo- IdeaPad,to Samsung- Galaxy Tab
R_b4yG6xE9VXPsCnH,from Asus- EeePad,to Lenovo- IdeaPad
R_b4yG6xE9VXPsCnH,from Motorola- Xoom,to Samsung- Galaxy Tab
R_b7RYZYJOB6PMh2l,from Apple iPad,to Apple iPad
R_b7RYZYJOB6PMh2l,from Samsung- Galaxy Tab,to Apple iPad
R_b7RYZYJOB6PMh2l,from Lenovo- IdeaPad,to Apple iPad
R_b7RYZYJOB6PMh2l,from Asus- EeePad,to Apple iPad
R_b7RYZYJOB6PMh2l,from Motorola- Xoom,to Apple iPad
R_b8T6WladikCTydL,from Apple iPad,to Apple iPad
R_b8T6WladikCTydL,from Samsung- Galaxy Tab,to Motorola- Xoom
R_b8T6WladikCTydL,from Lenovo- IdeaPad,to Apple iPad
R_b8T6WladikCTydL,from Asus- EeePad,to Lenovo- IdeaPad
R_b8T6WladikCTydL,from Motorola- Xoom,to Samsung- Galaxy Tab
R_b8WSMFPpRlF01X7,from Apple iPad,to Samsung- Galaxy Tab
R_b8WSMFPpRlF01X7,from Samsung- Galaxy Tab,to Apple iPad
R_b8WSMFPpRlF01X7,from Lenovo- IdeaPad,to Apple iPad
R_b8WSMFPpRlF01X7,from Asus- EeePad,to Apple iPad
R_b8WSMFPpRlF01X7,from Motorola- Xoom,to Apple iPad
R_baqh8uq2gYKLvzD,from Apple iPad,to Apple iPad
R_baqh8uq2gYKLvzD,from Samsung- Galaxy Tab,to Apple iPad
R_baqh8uq2gYKLvzD,from Lenovo- IdeaPad,to Samsung- Galaxy Tab
R_baqh8uq2gYKLvzD,from Asus- EeePad,to Samsung- Galaxy Tab
R_baqh8uq2gYKLvzD,from Motorola- Xoom,to Lenovo- IdeaPad
R_bEkN3qCIGGqUKd7,from Apple iPad,to Apple iPad
R_bEkN3qCIGGqUKd7,from Samsung- Galaxy Tab,to Samsung- Galaxy Tab
R_bEkN3qCIGGqUKd7,from Lenovo- IdeaPad,to Asus- EeePad
R_bEkN3qCIGGqUKd7,from Asus- EeePad,to Lenovo- IdeaPad
R_bEkN3qCIGGqUKd7,from Motorola- Xoom,to Asus- EeePad
R_bf2GbqYSz7tLrdX,from Apple iPad,to Lenovo- IdeaPad
R_bf2GbqYSz7tLrdX,from Samsung- Galaxy Tab,to Asus- EeePad
R_bf2GbqYSz7tLrdX,from Lenovo- IdeaPad,to Samsung- Galaxy Tab
R_bf2GbqYSz7tLrdX,from Asus- EeePad,to Lenovo- IdeaPad
R_bf2GbqYSz7tLrdX,from Motorola- Xoom,to Asus- EeePad
R_bIyqW4XlWDKVMt7,from Apple iPad,to Apple iPad
R_bIyqW4XlWDKVMt7,from Samsung- Galaxy Tab,to Samsung- Galaxy Tab
R_bIyqW4XlWDKVMt7,from Lenovo- IdeaPad,to Apple iPad
R_bIyqW4XlWDKVMt7,from Asus- EeePad,to Asus- EeePad
R_bIyqW4XlWDKVMt7,from Motorola- Xoom,to Apple iPad
R_bJWB2TEzuLmuZfv,from Apple iPad,to Apple iPad
R_bJWB2TEzuLmuZfv,from Samsung- Galaxy Tab,to Apple iPad
R_bJWB2TEzuLmuZfv,from Lenovo- IdeaPad,to Asus- EeePad
R_bJWB2TEzuLmuZfv,from Asus- EeePad,to Asus- EeePad
R_bJWB2TEzuLmuZfv,from Motorola- Xoom,to Lenovo- IdeaPad
R_bNN5PVpWVmiVP5H,from Apple iPad,to Apple iPad
R_bNN5PVpWVmiVP5H,from Samsung- Galaxy Tab,to Samsung- Galaxy Tab
R_bNN5PVpWVmiVP5H,from Lenovo- IdeaPad,to Asus- EeePad
R_bNN5PVpWVmiVP5H,from Asus- EeePad,to Motorola- Xoom
R_bNN5PVpWVmiVP5H,from Motorola- Xoom,to Motorola- Xoom
R_bNu5xGihLpLaFQ9,from Apple iPad,to Apple iPad
R_bNu5xGihLpLaFQ9,from Samsung- Galaxy Tab,to Apple iPad
R_bNu5xGihLpLaFQ9,from Lenovo- IdeaPad,to Asus- EeePad
R_bNu5xGihLpLaFQ9,from Asus- EeePad,to Lenovo- IdeaPad
R_bNu5xGihLpLaFQ9,from Motorola- Xoom,to Asus- EeePad
R_bPfY8REPOks70kB,from Apple iPad,to Apple iPad
R_bPfY8REPOks70kB,from Samsung- Galaxy Tab,to Samsung- Galaxy Tab
R_bPfY8REPOks70kB,from Lenovo- IdeaPad,to Lenovo- IdeaPad
R_bPfY8REPOks70kB,from Asus- EeePad,to Lenovo- IdeaPad
R_bPfY8REPOks70kB,from Motorola- Xoom,to Asus- EeePad
R_bPL8u9jYvwJlsUt,from Apple iPad,to Apple iPad
R_bPL8u9jYvwJlsUt,from Samsung- Galaxy Tab,to Apple iPad
R_bPL8u9jYvwJlsUt,from Lenovo- IdeaPad,to Samsung- Galaxy Tab
R_bPL8u9jYvwJlsUt,from Asus- EeePad,to Lenovo- IdeaPad
R_bPL8u9jYvwJlsUt,from Motorola- Xoom,to Lenovo- IdeaPad
R_brUIezvMcF04CzP,from Apple iPad,to Samsung- Galaxy Tab
R_brUIezvMcF04CzP,from Samsung- Galaxy Tab,to Apple iPad
R_brUIezvMcF04CzP,from Lenovo- IdeaPad,to Asus- EeePad
R_brUIezvMcF04CzP,from Asus- EeePad,to Lenovo- IdeaPad
R_brUIezvMcF04CzP,from Motorola- Xoom,to Motorola- Xoom
R_bwqkObxZyL92V6d,from Apple iPad,to Motorola- Xoom
R_bwqkObxZyL92V6d,from Samsung- Galaxy Tab,to Apple iPad
R_bwqkObxZyL92V6d,from Lenovo- IdeaPad,to Asus- EeePad
R_bwqkObxZyL92V6d,from Asus- EeePad,to Motorola- Xoom
R_bwqkObxZyL92V6d,from Motorola- Xoom,to Samsung- Galaxy Tab
R_bycjBu4xhbatcUJ,from Apple iPad,to Apple iPad
R_bycjBu4xhbatcUJ,from Samsung- Galaxy Tab,to Apple iPad
R_bycjBu4xhbatcUJ,from Lenovo- IdeaPad,to Apple iPad
R_bycjBu4xhbatcUJ,from Asus- EeePad,to Apple iPad
R_bycjBu4xhbatcUJ,from Motorola- Xoom,to Apple iPad
R_byj18sbVEWMwqyx,from Apple iPad,to Apple iPad
R_byj18sbVEWMwqyx,from Samsung- Galaxy Tab,to Apple iPad
R_byj18sbVEWMwqyx,from Lenovo- IdeaPad,to Asus- EeePad
R_byj18sbVEWMwqyx,from Asus- EeePad,to Lenovo- IdeaPad
R_byj18sbVEWMwqyx,from Motorola- Xoom,to Samsung- Galaxy Tab
R_cAWzeqNIwg1i4ip,from Apple iPad,to Lenovo- IdeaPad
R_cAWzeqNIwg1i4ip,from Samsung- Galaxy Tab,to Apple iPad
R_cAWzeqNIwg1i4ip,from Lenovo- IdeaPad,to Lenovo- IdeaPad
R_cAWzeqNIwg1i4ip,from Asus- EeePad,to Motorola- Xoom
R_cAWzeqNIwg1i4ip,from Motorola- Xoom,to Asus- EeePad
R_cMS1zexrAyqCErH,from Apple iPad,to Samsung- Galaxy Tab
R_cMS1zexrAyqCErH,from Samsung- Galaxy Tab,to Samsung- Galaxy Tab
R_cMS1zexrAyqCErH,from Lenovo- IdeaPad,to Asus- EeePad
R_cMS1zexrAyqCErH,from Asus- EeePad,to Lenovo- IdeaPad
R_cMS1zexrAyqCErH,from Motorola- Xoom,to Motorola- Xoom
R_cNHOTcjqhXIspEN,from Apple iPad,to Apple iPad
R_cNHOTcjqhXIspEN,from Samsung- Galaxy Tab,to Apple iPad
R_cNHOTcjqhXIspEN,from Lenovo- IdeaPad,to Apple iPad
R_cNHOTcjqhXIspEN,from Asus- EeePad,to Apple iPad
R_cNHOTcjqhXIspEN,from Motorola- Xoom,to Apple iPad
R_cOYPXYd9RoYRZpH,from Apple iPad,to Samsung- Galaxy Tab
R_cOYPXYd9RoYRZpH,from Samsung- Galaxy Tab,to Apple iPad
R_cOYPXYd9RoYRZpH,from Lenovo- IdeaPad,to Asus- EeePad
R_cOYPXYd9RoYRZpH,from Asus- EeePad,to Lenovo- IdeaPad
R_cOYPXYd9RoYRZpH,from Motorola- Xoom,to Lenovo- IdeaPad
R_cPfQhrQaZG9H6E5,from Apple iPad,to Samsung- Galaxy Tab
R_cPfQhrQaZG9H6E5,from Samsung- Galaxy Tab,to Apple iPad
R_cPfQhrQaZG9H6E5,from Lenovo- IdeaPad,to Apple iPad
R_cPfQhrQaZG9H6E5,from Asus- EeePad,to Apple iPad
R_cPfQhrQaZG9H6E5,from Motorola- Xoom,to Samsung- Galaxy Tab
R_cucwmCAnJkRUzYx,from Apple iPad,to Apple iPad
R_cucwmCAnJkRUzYx,from Samsung- Galaxy Tab,to Samsung- Galaxy Tab
R_cucwmCAnJkRUzYx,from Lenovo- IdeaPad,to Apple iPad
R_cucwmCAnJkRUzYx,from Asus- EeePad,to Apple iPad
R_cucwmCAnJkRUzYx,from Motorola- Xoom,to Apple iPad
R_cZMrn6PDSOSOhOl,from Apple iPad,to Apple iPad
R_cZMrn6PDSOSOhOl,from Samsung- Galaxy Tab,to Motorola- Xoom
R_cZMrn6PDSOSOhOl,from Lenovo- IdeaPad,to Asus- EeePad
R_cZMrn6PDSOSOhOl,from Asus- EeePad,to Lenovo- IdeaPad
R_cZMrn6PDSOSOhOl,from Motorola- Xoom,to Samsung- Galaxy Tab
R_cZpQtYRvGBCtujr,from Apple iPad,to Apple iPad
R_cZpQtYRvGBCtujr,from Samsung- Galaxy Tab,to Motorola- Xoom
R_cZpQtYRvGBCtujr,from Lenovo- IdeaPad,to Samsung- Galaxy Tab
R_cZpQtYRvGBCtujr,from Asus- EeePad,to Lenovo- IdeaPad
R_cZpQtYRvGBCtujr,from Motorola- Xoom,to Samsung- Galaxy Tab
R_d0DovdIj875YRcV,from Apple iPad,to Apple iPad
R_d0DovdIj875YRcV,from Samsung- Galaxy Tab,to Samsung- Galaxy Tab
R_d0DovdIj875YRcV,from Lenovo- IdeaPad,to Apple iPad
R_d0DovdIj875YRcV,from Asus- EeePad,to Samsung- Galaxy Tab
R_d0DovdIj875YRcV,from Motorola- Xoom,to Apple iPad
R_d4lKNd74VEKAGTH,from Apple iPad,to Apple iPad
R_d4lKNd74VEKAGTH,from Samsung- Galaxy Tab,to Samsung- Galaxy Tab
R_d4lKNd74VEKAGTH,from Lenovo- IdeaPad,to Asus- EeePad
R_d4lKNd74VEKAGTH,from Asus- EeePad,to Lenovo- IdeaPad
R_d4lKNd74VEKAGTH,from Motorola- Xoom,to Samsung- Galaxy Tab
R_d6xL0b6ie3H0aNL,from Apple iPad,to Samsung- Galaxy Tab
R_d6xL0b6ie3H0aNL,from Samsung- Galaxy Tab,to Apple iPad
R_d6xL0b6ie3H0aNL,from Lenovo- IdeaPad,to Samsung- Galaxy Tab
R_d6xL0b6ie3H0aNL,from Asus- EeePad,to Asus- EeePad
R_d6xL0b6ie3H0aNL,from Motorola- Xoom,to Apple iPad
R_diD5SHqtjuRbou9,from Apple iPad,to Motorola- Xoom
R_diD5SHqtjuRbou9,from Samsung- Galaxy Tab,to Motorola- Xoom
R_diD5SHqtjuRbou9,from Lenovo- IdeaPad,to Motorola- Xoom
R_diD5SHqtjuRbou9,from Asus- EeePad,to Motorola- Xoom
R_diD5SHqtjuRbou9,from Motorola- Xoom,to Samsung- Galaxy Tab
R_diOim0x0g3ZYHUV,from Apple iPad,to Apple iPad
R_diOim0x0g3ZYHUV,from Samsung- Galaxy Tab,to Apple iPad
R_diOim0x0g3ZYHUV,from Lenovo- IdeaPad,to Apple iPad
R_diOim0x0g3ZYHUV,from Asus- EeePad,to Apple iPad
R_diOim0x0g3ZYHUV,from Motorola- Xoom,to Apple iPad
R_e2NLGW7XSz8H153,from Apple iPad,to Samsung- Galaxy Tab
R_e2NLGW7XSz8H153,from Samsung- Galaxy Tab,to Motorola- Xoom
R_e2NLGW7XSz8H153,from Lenovo- IdeaPad,to Asus- EeePad
R_e2NLGW7XSz8H153,from Asus- EeePad,to Lenovo- IdeaPad
R_e2NLGW7XSz8H153,from Motorola- Xoom,to Asus- EeePad
R_e2uAq1skNyvlF9b,from Apple iPad,to Apple iPad
R_e2uAq1skNyvlF9b,from Samsung- Galaxy Tab,to Apple iPad
R_e2uAq1skNyvlF9b,from Lenovo- IdeaPad,to Apple iPad
R_e2uAq1skNyvlF9b,from Asus- EeePad,to Apple iPad
R_e2uAq1skNyvlF9b,from Motorola- Xoom,to Apple iPad
R_e8RNMarx2nj24rH,from Apple iPad,to Apple iPad
R_e8RNMarx2nj24rH,from Samsung- Galaxy Tab,to Samsung- Galaxy Tab
R_e8RNMarx2nj24rH,from Lenovo- IdeaPad,to Asus- EeePad
R_e8RNMarx2nj24rH,from Asus- EeePad,to Asus- EeePad
R_e8RNMarx2nj24rH,from Motorola- Xoom,to Samsung- Galaxy Tab
R_e9zzPTp4tPmlcP3,from Apple iPad,to Samsung- Galaxy Tab
R_e9zzPTp4tPmlcP3,from Samsung- Galaxy Tab,to Samsung- Galaxy Tab
R_e9zzPTp4tPmlcP3,from Lenovo- IdeaPad,to Asus- EeePad
R_e9zzPTp4tPmlcP3,from Asus- EeePad,to Motorola- Xoom
R_e9zzPTp4tPmlcP3,from Motorola- Xoom,to Asus- EeePad
R_ebn2q4Iz0jUz79P,from Apple iPad,to Apple iPad
R_ebn2q4Iz0jUz79P,from Samsung- Galaxy Tab,to Samsung- Galaxy Tab
R_ebn2q4Iz0jUz79P,from Lenovo- IdeaPad,to Asus- EeePad
R_ebn2q4Iz0jUz79P,from Asus- EeePad,to Lenovo- IdeaPad
R_ebn2q4Iz0jUz79P,from Motorola- Xoom,to Lenovo- IdeaPad
R_ebxlSX2YiMhNoLX,from Apple iPad,to Apple iPad
R_ebxlSX2YiMhNoLX,from Samsung- Galaxy Tab,to Apple iPad
R_ebxlSX2YiMhNoLX,from Lenovo- IdeaPad,to Samsung- Galaxy Tab
R_ebxlSX2YiMhNoLX,from Asus- EeePad,to Samsung- Galaxy Tab
R_ebxlSX2YiMhNoLX,from Motorola- Xoom,to Samsung- Galaxy Tab
R_eeXGmrRqBkA1inP,from Apple iPad,to Apple iPad
R_eeXGmrRqBkA1inP,from Samsung- Galaxy Tab,to Lenovo- IdeaPad
R_eeXGmrRqBkA1inP,from Lenovo- IdeaPad,to Samsung- Galaxy Tab
R_eeXGmrRqBkA1inP,from Asus- EeePad,to Lenovo- IdeaPad
R_eeXGmrRqBkA1inP,from Motorola- Xoom,to Lenovo- IdeaPad
R_eF0zuW95Er8jPPn,from Apple iPad,to Apple iPad
R_eF0zuW95Er8jPPn,from Samsung- Galaxy Tab,to Apple iPad
R_eF0zuW95Er8jPPn,from Lenovo- IdeaPad,to Apple iPad
R_eF0zuW95Er8jPPn,from Asus- EeePad,to Apple iPad
R_eF0zuW95Er8jPPn,from Motorola- Xoom,to Apple iPad
R_egHUMILoxDk9ye1,from Apple iPad,to Apple iPad
R_egHUMILoxDk9ye1,from Samsung- Galaxy Tab,to Samsung- Galaxy Tab
R_egHUMILoxDk9ye1,from Lenovo- IdeaPad,to Motorola- Xoom
R_egHUMILoxDk9ye1,from Asus- EeePad,to Motorola- Xoom
R_egHUMILoxDk9ye1,from Motorola- Xoom,to Samsung- Galaxy Tab
R_ehaW6TfqYsmtfEx,from Apple iPad,to Samsung- Galaxy Tab
R_ehaW6TfqYsmtfEx,from Samsung- Galaxy Tab,to Apple iPad
R_ehaW6TfqYsmtfEx,from Lenovo- IdeaPad,to Samsung- Galaxy Tab
R_ehaW6TfqYsmtfEx,from Asus- EeePad,to Lenovo- IdeaPad
R_ehaW6TfqYsmtfEx,from Motorola- Xoom,to Apple iPad
R_eICADLhNb1k3sX3,from Apple iPad,to Apple iPad
R_eICADLhNb1k3sX3,from Samsung- Galaxy Tab,to Apple iPad
R_eICADLhNb1k3sX3,from Lenovo- IdeaPad,to Asus- EeePad
R_eICADLhNb1k3sX3,from Asus- EeePad,to Lenovo- IdeaPad
R_eICADLhNb1k3sX3,from Motorola- Xoom,to Motorola- Xoom
R_ekBP2CWA0La39tP,from Apple iPad,to Apple iPad
R_ekBP2CWA0La39tP,from Samsung- Galaxy Tab,to Apple iPad
R_ekBP2CWA0La39tP,from Lenovo- IdeaPad,to Samsung- Galaxy Tab
R_ekBP2CWA0La39tP,from Asus- EeePad,to Motorola- Xoom
R_ekBP2CWA0La39tP,from Motorola- Xoom,to Lenovo- IdeaPad
R_ekRNWws60BufWT3,from Apple iPad,to Apple iPad
R_ekRNWws60BufWT3,from Samsung- Galaxy Tab,to Samsung- Galaxy Tab
R_ekRNWws60BufWT3,from Lenovo- IdeaPad,to Lenovo- IdeaPad
R_ekRNWws60BufWT3,from Asus- EeePad,to Lenovo- IdeaPad
R_ekRNWws60BufWT3,from Motorola- Xoom,to Samsung- Galaxy Tab
R_ekUnHOud6ttgSIl,from Apple iPad,to Apple iPad
R_ekUnHOud6ttgSIl,from Samsung- Galaxy Tab,to Apple iPad
R_ekUnHOud6ttgSIl,from Lenovo- IdeaPad,to Motorola- Xoom
R_ekUnHOud6ttgSIl,from Asus- EeePad,to Lenovo- IdeaPad
R_ekUnHOud6ttgSIl,from Motorola- Xoom,to Samsung- Galaxy Tab
R_elcp3jNgeeGgyDH,from Apple iPad,to Samsung- Galaxy Tab
R_elcp3jNgeeGgyDH,from Samsung- Galaxy Tab,to Samsung- Galaxy Tab
R_elcp3jNgeeGgyDH,from Lenovo- IdeaPad,to Asus- EeePad
R_elcp3jNgeeGgyDH,from Asus- EeePad,to Samsung- Galaxy Tab
R_elcp3jNgeeGgyDH,from Motorola- Xoom,to Lenovo- IdeaPad
R_elGFMqPr0oC9c9L,from Apple iPad,to Apple iPad
R_elGFMqPr0oC9c9L,from Samsung- Galaxy Tab,to Apple iPad
R_elGFMqPr0oC9c9L,from Lenovo- IdeaPad,to Asus- EeePad
R_elGFMqPr0oC9c9L,from Asus- EeePad,to Lenovo- IdeaPad
R_elGFMqPr0oC9c9L,from Motorola- Xoom,to Samsung- Galaxy Tab
R_eLKJUX28bx6EYOV,from Apple iPad,to Apple iPad
R_eLKJUX28bx6EYOV,from Samsung- Galaxy Tab,to Lenovo- IdeaPad
R_eLKJUX28bx6EYOV,from Lenovo- IdeaPad,to Samsung- Galaxy Tab
R_eLKJUX28bx6EYOV,from Asus- EeePad,to Asus- EeePad
R_eLKJUX28bx6EYOV,from Motorola- Xoom,to Samsung- Galaxy Tab
R_elzYB7bhUSPtVul,from Apple iPad,to Apple iPad
R_elzYB7bhUSPtVul,from Samsung- Galaxy Tab,to Lenovo- IdeaPad
R_elzYB7bhUSPtVul,from Lenovo- IdeaPad,to Asus- EeePad
R_elzYB7bhUSPtVul,from Asus- EeePad,to Lenovo- IdeaPad
R_elzYB7bhUSPtVul,from Motorola- Xoom,to Asus- EeePad
R_emLWoQuOLwyctNP,from Apple iPad,to Apple iPad
R_emLWoQuOLwyctNP,from Samsung- Galaxy Tab,to Lenovo- IdeaPad
R_emLWoQuOLwyctNP,from Lenovo- IdeaPad,to Samsung- Galaxy Tab
R_emLWoQuOLwyctNP,from Asus- EeePad,to Samsung- Galaxy Tab
R_emLWoQuOLwyctNP,from Motorola- Xoom,to Samsung- Galaxy Tab
R_emvVdptbnCF5r6Z,from Apple iPad,to Apple iPad
R_emvVdptbnCF5r6Z,from Samsung- Galaxy Tab,to Samsung- Galaxy Tab
R_emvVdptbnCF5r6Z,from Lenovo- IdeaPad,to Asus- EeePad
R_emvVdptbnCF5r6Z,from Asus- EeePad,to Motorola- Xoom
R_emvVdptbnCF5r6Z,from Motorola- Xoom,to Asus- EeePad
R_eR3SrWhgsXySesR,from Apple iPad,to Apple iPad
R_eR3SrWhgsXySesR,from Samsung- Galaxy Tab,to Apple iPad
R_eR3SrWhgsXySesR,from Lenovo- IdeaPad,to Apple iPad
R_eR3SrWhgsXySesR,from Asus- EeePad,to Apple iPad
R_eR3SrWhgsXySesR,from Motorola- Xoom,to Apple iPad
R_eWB1emCWknWWj09,from Apple iPad,to Samsung- Galaxy Tab
R_eWB1emCWknWWj09,from Samsung- Galaxy Tab,to Apple iPad
R_eWB1emCWknWWj09,from Lenovo- IdeaPad,to Samsung- Galaxy Tab
R_eWB1emCWknWWj09,from Asus- EeePad,to Samsung- Galaxy Tab
R_eWB1emCWknWWj09,from Motorola- Xoom,to Samsung- Galaxy Tab
R_eWknmifRdA0OZdX,from Apple iPad,to Apple iPad
R_eWknmifRdA0OZdX,from Samsung- Galaxy Tab,to Apple iPad
R_eWknmifRdA0OZdX,from Lenovo- IdeaPad,to Apple iPad
R_eWknmifRdA0OZdX,from Asus- EeePad,to Apple iPad
R_eWknmifRdA0OZdX,from Motorola- Xoom,to Apple iPad
R_eWYwZ67uYWd0L2Z,from Apple iPad,to Samsung- Galaxy Tab
R_eWYwZ67uYWd0L2Z,from Samsung- Galaxy Tab,to Lenovo- IdeaPad
R_eWYwZ67uYWd0L2Z,from Lenovo- IdeaPad,to Samsung- Galaxy Tab
R_eWYwZ67uYWd0L2Z,from Asus- EeePad,to Lenovo- IdeaPad
R_eWYwZ67uYWd0L2Z,from Motorola- Xoom,to Lenovo- IdeaPad
R_eyfjlZEA2o2ZdNX,from Apple iPad,to Apple iPad
R_eyfjlZEA2o2ZdNX,from Samsung- Galaxy Tab,to Motorola- Xoom
R_eyfjlZEA2o2ZdNX,from Lenovo- IdeaPad,to Motorola- Xoom
R_eyfjlZEA2o2ZdNX,from Asus- EeePad,to Lenovo- IdeaPad
R_eyfjlZEA2o2ZdNX,from Motorola- Xoom,to Samsung- Galaxy Tab
R_s4Kw0Ye10nQNuLv,from Apple iPad,to Apple iPad
R_s4Kw0Ye10nQNuLv,from Samsung- Galaxy Tab,to Lenovo- IdeaPad
R_s4Kw0Ye10nQNuLv,from Lenovo- IdeaPad,to Samsung- Galaxy Tab
R_s4Kw0Ye10nQNuLv,from Asus- EeePad,to Lenovo- IdeaPad
R_s4Kw0Ye10nQNuLv,from Motorola- Xoom,to Asus- EeePad
R_sBt0zbVop5J5oaZ,from Apple iPad,to Apple iPad
R_sBt0zbVop5J5oaZ,from Samsung- Galaxy Tab,to Motorola- Xoom
R_sBt0zbVop5J5oaZ,from Lenovo- IdeaPad,to Samsung- Galaxy Tab
R_sBt0zbVop5J5oaZ,from Asus- EeePad,to Lenovo- IdeaPad
R_sBt0zbVop5J5oaZ,from Motorola- Xoom,to Lenovo- IdeaPad
R_snhCOpK0li08xJD,from Apple iPad,to Apple iPad
R_snhCOpK0li08xJD,from Samsung- Galaxy Tab,to Apple iPad
R_snhCOpK0li08xJD,from Lenovo- IdeaPad,to Lenovo- IdeaPad
R_snhCOpK0li08xJD,from Asus- EeePad,to Asus- EeePad
R_snhCOpK0li08xJD,from Motorola- Xoom,to Asus- EeePad
