QN,Card,Preference,Product_Form,Number_of_Applications,Disinfectant_Quality,Biodegradable_Form,Price_per_Application
107,1,6,Concentrate,200,Yes,No,35 cents
107,2,3,Powder,200,Yes,No,35 cents
107,3,5,Premixed,100,Yes,Yes,49 cents
107,4,2,Powder,200,Yes,Yes,49 cents
107,5,3,Powder,50,Yes,No,79 cents
107,6,1,Concentrate,200,No,Yes,79 cents
107,7,1,Premixed,100,Yes,No,79 cents
107,8,6,Premixed,200,Yes,No,49 cents
107,9,6,Powder,100,No,No,49 cents
107,10,6,Concentrate,50,Yes,No,49 cents
107,11,7,Powder,100,No,No,35 cents
107,12,4,Concentrate,100,Yes,No,79 cents
107,13,1,Premixed,200,No,No,79 cents
107,14,6,Premixed,50,Yes,No,35 cents
107,15,6,Concentrate,100,Yes,Yes,35 cents
107,16,6,Premixed,50,No,Yes,35 cents
107,17,6,Concentrate,50,No,No,49 cents
107,18,1,Powder,50,Yes,Yes,79 cents
107,19,7,Concentrate,100,Yes,No,49 cents
107,20,7,Powder,100,No,Yes,35 cents
107,21,1,Powder,200,Yes,Yes,79 cents
107,22,7,Concentrate,50,No,Yes,35 cents
110,1,7,Concentrate,200,Yes,No,35 cents
110,2,7,Powder,200,Yes,No,35 cents
110,3,6,Premixed,100,Yes,Yes,49 cents
110,4,5,Powder,200,Yes,Yes,49 cents
110,5,6,Powder,50,Yes,No,79 cents
110,6,7,Concentrate,200,No,Yes,79 cents
110,7,7,Premixed,100,Yes,No,79 cents
110,8,5,Premixed,200,Yes,No,49 cents
110,9,5,Powder,100,No,No,49 cents
110,10,3,Concentrate,50,Yes,No,49 cents
110,11,4,Powder,100,No,No,35 cents
110,12,3,Concentrate,100,Yes,No,79 cents
110,13,5,Premixed,200,No,No,79 cents
110,14,6,Premixed,50,Yes,No,35 cents
110,15,6,Concentrate,100,Yes,Yes,35 cents
110,16,7,Premixed,50,No,Yes,35 cents
110,17,4,Concentrate,50,No,No,49 cents
110,18,7,Powder,50,Yes,Yes,79 cents
110,19,5,Concentrate,100,Yes,No,49 cents
110,20,5,Powder,100,No,Yes,35 cents
110,21,6,Powder,200,Yes,Yes,79 cents
110,22,6,Concentrate,50,No,Yes,35 cents
123,1,7,Concentrate,200,Yes,No,35 cents
123,2,7,Powder,200,Yes,No,35 cents
123,3,5,Premixed,100,Yes,Yes,49 cents
123,4,5,Powder,200,Yes,Yes,49 cents
123,5,1,Powder,50,Yes,No,79 cents
123,6,1,Concentrate,200,No,Yes,79 cents
123,7,1,Premixed,100,Yes,No,79 cents
123,8,2,Premixed,200,Yes,No,49 cents
123,9,2,Powder,100,No,No,49 cents
123,10,1,Concentrate,50,Yes,No,49 cents
123,11,7,Powder,100,No,No,35 cents
123,12,1,Concentrate,100,Yes,No,79 cents
123,13,1,Premixed,200,No,No,79 cents
123,14,2,Premixed,50,Yes,No,35 cents
123,15,7,Concentrate,100,Yes,Yes,35 cents
123,16,7,Premixed,50,No,Yes,35 cents
123,17,7,Concentrate,50,No,No,49 cents
123,18,1,Powder,50,Yes,Yes,79 cents
123,19,7,Concentrate,100,Yes,No,49 cents
123,20,7,Powder,100,No,Yes,35 cents
123,21,1,Powder,200,Yes,Yes,79 cents
123,22,7,Concentrate,50,No,Yes,35 cents
129,1,7,Concentrate,200,Yes,No,35 cents
129,2,7,Powder,200,Yes,No,35 cents
129,3,7,Premixed,100,Yes,Yes,49 cents
129,4,7,Powder,200,Yes,Yes,49 cents
129,5,7,Powder,50,Yes,No,79 cents
129,6,7,Concentrate,200,No,Yes,79 cents
129,7,7,Premixed,100,Yes,No,79 cents
129,8,7,Premixed,200,Yes,No,49 cents
129,9,6,Powder,100,No,No,49 cents
129,10,7,Concentrate,50,Yes,No,49 cents
129,11,6,Powder,100,No,No,35 cents
129,12,7,Concentrate,100,Yes,No,79 cents
129,13,6,Premixed,200,No,No,79 cents
129,14,7,Premixed,50,Yes,No,35 cents
129,15,7,Concentrate,100,Yes,Yes,35 cents
129,16,6,Premixed,50,No,Yes,35 cents
129,17,6,Concentrate,50,No,No,49 cents
129,18,7,Powder,50,Yes,Yes,79 cents
129,19,7,Concentrate,100,Yes,No,49 cents
129,20,6,Powder,100,No,Yes,35 cents
129,21,7,Powder,200,Yes,Yes,79 cents
129,22,6,Concentrate,50,No,Yes,35 cents
135,1,7,Concentrate,200,Yes,No,35 cents
135,2,7,Powder,200,Yes,No,35 cents
135,3,2,Premixed,100,Yes,Yes,49 cents
135,4,5,Powder,200,Yes,Yes,49 cents
135,5,1,Powder,50,Yes,No,79 cents
135,6,1,Concentrate,200,No,Yes,79 cents
135,7,1,Premixed,100,Yes,No,79 cents
135,8,2,Premixed,200,Yes,No,49 cents
135,9,2,Powder,100,No,No,49 cents
135,10,2,Concentrate,50,Yes,No,49 cents
135,11,7,Powder,100,No,No,35 cents
135,12,1,Concentrate,100,Yes,No,79 cents
135,13,1,Premixed,200,No,No,79 cents
135,14,7,Premixed,50,Yes,No,35 cents
135,15,4,Concentrate,100,Yes,Yes,35 cents
135,16,5,Premixed,50,No,Yes,35 cents
135,17,2,Concentrate,50,No,No,49 cents
135,18,1,Powder,50,Yes,Yes,79 cents
135,19,2,Concentrate,100,Yes,No,49 cents
135,20,5,Powder,100,No,Yes,35 cents
135,21,2,Powder,200,Yes,Yes,79 cents
135,22,5,Concentrate,50,No,Yes,35 cents
155,1,7,Concentrate,200,Yes,No,35 cents
155,2,7,Powder,200,Yes,No,35 cents
155,3,3,Premixed,100,Yes,Yes,49 cents
155,4,6,Powder,200,Yes,Yes,49 cents
155,5,2,Powder,50,Yes,No,79 cents
155,6,1,Concentrate,200,No,Yes,79 cents
155,7,1,Premixed,100,Yes,No,79 cents
155,8,5,Premixed,200,Yes,No,49 cents
155,9,1,Powder,100,No,No,49 cents
155,10,5,Concentrate,50,Yes,No,49 cents
155,11,1,Powder,100,No,No,35 cents
155,12,3,Concentrate,100,Yes,No,79 cents
155,13,2,Premixed,200,No,No,79 cents
155,14,2,Premixed,50,Yes,No,35 cents
155,15,7,Concentrate,100,Yes,Yes,35 cents
155,16,1,Premixed,50,No,Yes,35 cents
155,17,1,Concentrate,50,No,No,49 cents
155,18,1,Powder,50,Yes,Yes,79 cents
155,19,5,Concentrate,100,Yes,No,49 cents
155,20,1,Powder,100,No,Yes,35 cents
155,21,1,Powder,200,Yes,Yes,79 cents
155,22,1,Concentrate,50,No,Yes,35 cents
161,1,6,Concentrate,200,Yes,No,35 cents
161,2,6,Powder,200,Yes,No,35 cents
161,3,5,Premixed,100,Yes,Yes,49 cents
161,4,5,Powder,200,Yes,Yes,49 cents
161,5,1,Powder,50,Yes,No,79 cents
161,6,1,Concentrate,200,No,Yes,79 cents
161,7,1,Premixed,100,Yes,No,79 cents
161,8,3,Premixed,200,Yes,No,49 cents
161,9,2,Powder,100,No,No,49 cents
161,10,5,Concentrate,50,Yes,No,49 cents
161,11,2,Powder,100,No,No,35 cents
161,12,1,Concentrate,100,Yes,No,79 cents
161,13,1,Premixed,200,No,No,79 cents
161,14,5,Premixed,50,Yes,No,35 cents
161,15,7,Concentrate,100,Yes,Yes,35 cents
161,16,3,Premixed,50,No,Yes,35 cents
161,17,1,Concentrate,50,No,No,49 cents
161,18,1,Powder,50,Yes,Yes,79 cents
161,19,5,Concentrate,100,Yes,No,49 cents
161,20,2,Powder,100,No,Yes,35 cents
161,21,1,Powder,200,Yes,Yes,79 cents
161,22,2,Concentrate,50,No,Yes,35 cents
162,1,7,Concentrate,200,Yes,No,35 cents
162,2,6,Powder,200,Yes,No,35 cents
162,3,3,Premixed,100,Yes,Yes,49 cents
162,4,6,Powder,200,Yes,Yes,49 cents
162,5,3,Powder,50,Yes,No,79 cents
162,6,5,Concentrate,200,No,Yes,79 cents
162,7,3,Premixed,100,Yes,No,79 cents
162,8,6,Premixed,200,Yes,No,49 cents
162,9,3,Powder,100,No,No,49 cents
162,10,2,Concentrate,50,Yes,No,49 cents
162,11,6,Powder,100,No,No,35 cents
162,12,6,Concentrate,100,Yes,No,79 cents
162,13,2,Premixed,200,No,No,79 cents
162,14,5,Premixed,50,Yes,No,35 cents
162,15,7,Concentrate,100,Yes,Yes,35 cents
162,16,4,Premixed,50,No,Yes,35 cents
162,17,2,Concentrate,50,No,No,49 cents
162,18,2,Powder,50,Yes,Yes,79 cents
162,19,4,Concentrate,100,Yes,No,49 cents
162,20,7,Powder,100,No,Yes,35 cents
162,21,6,Powder,200,Yes,Yes,79 cents
162,22,5,Concentrate,50,No,Yes,35 cents
168,1,7,Concentrate,200,Yes,No,35 cents
168,2,7,Powder,200,Yes,No,35 cents
168,3,3,Premixed,100,Yes,Yes,49 cents
168,4,2,Powder,200,Yes,Yes,49 cents
168,5,2,Powder,50,Yes,No,79 cents
168,6,2,Concentrate,200,No,Yes,79 cents
168,7,1,Premixed,100,Yes,No,79 cents
168,8,1,Premixed,200,Yes,No,49 cents
168,9,2,Powder,100,No,No,49 cents
168,10,3,Concentrate,50,Yes,No,49 cents
168,11,7,Powder,100,No,No,35 cents
168,12,1,Concentrate,100,Yes,No,79 cents
168,13,1,Premixed,200,No,No,79 cents
168,14,7,Premixed,50,Yes,No,35 cents
168,15,7,Concentrate,100,Yes,Yes,35 cents
168,16,7,Premixed,50,No,Yes,35 cents
168,17,3,Concentrate,50,No,No,49 cents
168,18,2,Powder,50,Yes,Yes,79 cents
168,19,3,Concentrate,100,Yes,No,49 cents
168,20,7,Powder,100,No,Yes,35 cents
168,21,2,Powder,200,Yes,Yes,79 cents
168,22,7,Concentrate,50,No,Yes,35 cents
170,1,6,Concentrate,200,Yes,No,35 cents
170,2,6,Powder,200,Yes,No,35 cents
170,3,4,Premixed,100,Yes,Yes,49 cents
170,4,2,Powder,200,Yes,Yes,49 cents
170,5,1,Powder,50,Yes,No,79 cents
170,6,3,Concentrate,200,No,Yes,79 cents
170,7,2,Premixed,100,Yes,No,79 cents
170,8,1,Premixed,200,Yes,No,49 cents
170,9,2,Powder,100,No,No,49 cents
170,10,5,Concentrate,50,Yes,No,49 cents
170,11,7,Powder,100,No,No,35 cents
170,12,3,Concentrate,100,Yes,No,79 cents
170,13,3,Premixed,200,No,No,79 cents
170,14,1,Premixed,50,Yes,No,35 cents
170,15,7,Concentrate,100,Yes,Yes,35 cents
170,16,2,Premixed,50,No,Yes,35 cents
170,17,6,Concentrate,50,No,No,49 cents
170,18,2,Powder,50,Yes,Yes,79 cents
170,19,4,Concentrate,100,Yes,No,49 cents
170,20,7,Powder,100,No,Yes,35 cents
170,21,2,Powder,200,Yes,Yes,79 cents
170,22,5,Concentrate,50,No,Yes,35 cents
171,1,5,Concentrate,200,Yes,No,35 cents
171,2,3,Powder,200,Yes,No,35 cents
171,3,5,Premixed,100,Yes,Yes,49 cents
171,4,5,Powder,200,Yes,Yes,49 cents
171,5,3,Powder,50,Yes,No,79 cents
171,6,1,Concentrate,200,No,Yes,79 cents
171,7,3,Premixed,100,Yes,No,79 cents
171,8,5,Premixed,200,Yes,No,49 cents
171,9,4,Powder,100,No,No,49 cents
171,10,6,Concentrate,50,Yes,No,49 cents
171,11,3,Powder,100,No,No,35 cents
171,12,4,Concentrate,100,Yes,No,79 cents
171,13,4,Premixed,200,No,No,79 cents
171,14,6,Premixed,50,Yes,No,35 cents
171,15,7,Concentrate,100,Yes,Yes,35 cents
171,16,6,Premixed,50,No,Yes,35 cents
171,17,3,Concentrate,50,No,No,49 cents
171,18,5,Powder,50,Yes,Yes,79 cents
171,19,6,Concentrate,100,Yes,No,49 cents
171,20,3,Powder,100,No,Yes,35 cents
171,21,2,Powder,200,Yes,Yes,79 cents
171,22,3,Concentrate,50,No,Yes,35 cents
173,1,6,Concentrate,200,Yes,No,35 cents
173,2,6,Powder,200,Yes,No,35 cents
173,3,4,Premixed,100,Yes,Yes,49 cents
173,4,4,Powder,200,Yes,Yes,49 cents
173,5,3,Powder,50,Yes,No,79 cents
173,6,3,Concentrate,200,No,Yes,79 cents
173,7,3,Premixed,100,Yes,No,79 cents
173,8,5,Premixed,200,Yes,No,49 cents
173,9,2,Powder,100,No,No,49 cents
173,10,4,Concentrate,50,Yes,No,49 cents
173,11,6,Powder,100,No,No,35 cents
173,12,3,Concentrate,100,Yes,No,79 cents
173,13,3,Premixed,200,No,No,79 cents
173,14,5,Premixed,50,Yes,No,35 cents
173,15,5,Concentrate,100,Yes,Yes,35 cents
173,16,5,Premixed,50,No,Yes,35 cents
173,17,4,Concentrate,50,No,No,49 cents
173,18,3,Powder,50,Yes,Yes,79 cents
173,19,4,Concentrate,100,Yes,No,49 cents
173,20,6,Powder,100,No,Yes,35 cents
173,21,5,Powder,200,Yes,Yes,79 cents
173,22,6,Concentrate,50,No,Yes,35 cents
174,1,6,Concentrate,200,Yes,No,35 cents
174,2,5,Powder,200,Yes,No,35 cents
174,3,6,Premixed,100,Yes,Yes,49 cents
174,4,6,Powder,200,Yes,Yes,49 cents
174,5,6,Powder,50,Yes,No,79 cents
174,6,1,Concentrate,200,No,Yes,79 cents
174,7,3,Premixed,100,Yes,No,79 cents
174,8,6,Premixed,200,Yes,No,49 cents
174,9,1,Powder,100,No,No,49 cents
174,10,6,Concentrate,50,Yes,No,49 cents
174,11,1,Powder,100,No,No,35 cents
174,12,5,Concentrate,100,Yes,No,79 cents
174,13,1,Premixed,200,No,No,79 cents
174,14,6,Premixed,50,Yes,No,35 cents
174,15,7,Concentrate,100,Yes,Yes,35 cents
174,16,1,Premixed,50,No,Yes,35 cents
174,17,1,Concentrate,50,No,No,49 cents
174,18,5,Powder,50,Yes,Yes,79 cents
174,19,6,Concentrate,100,Yes,No,49 cents
174,20,1,Powder,100,No,Yes,35 cents
174,21,3,Powder,200,Yes,Yes,79 cents
174,22,1,Concentrate,50,No,Yes,35 cents
181,1,6,Concentrate,200,Yes,No,35 cents
181,2,6,Powder,200,Yes,No,35 cents
181,3,3,Premixed,100,Yes,Yes,49 cents
181,4,5,Powder,200,Yes,Yes,49 cents
181,5,4,Powder,50,Yes,No,79 cents
181,6,2,Concentrate,200,No,Yes,79 cents
181,7,2,Premixed,100,Yes,No,79 cents
181,8,3,Premixed,200,Yes,No,49 cents
181,9,3,Powder,100,No,No,49 cents
181,10,5,Concentrate,50,Yes,No,49 cents
181,11,6,Powder,100,No,No,35 cents
181,12,4,Concentrate,100,Yes,No,79 cents
181,13,2,Premixed,200,No,No,79 cents
181,14,3,Premixed,50,Yes,No,35 cents
181,15,6,Concentrate,100,Yes,Yes,35 cents
181,16,4,Premixed,50,No,Yes,35 cents
181,17,6,Concentrate,50,No,No,49 cents
181,18,2,Powder,50,Yes,Yes,79 cents
181,19,6,Concentrate,100,Yes,No,49 cents
181,20,5,Powder,100,No,Yes,35 cents
181,21,4,Powder,200,Yes,Yes,79 cents
181,22,6,Concentrate,50,No,Yes,35 cents
187,1,6,Concentrate,200,Yes,No,35 cents
187,2,7,Powder,200,Yes,No,35 cents
187,3,6,Premixed,100,Yes,Yes,49 cents
187,4,7,Powder,200,Yes,Yes,49 cents
187,5,2,Powder,50,Yes,No,79 cents
187,6,2,Concentrate,200,No,Yes,79 cents
187,7,2,Premixed,100,Yes,No,79 cents
187,8,5,Premixed,200,Yes,No,49 cents
187,9,5,Powder,100,No,No,49 cents
187,10,6,Concentrate,50,Yes,No,49 cents
187,11,6,Powder,100,No,No,35 cents
187,12,3,Concentrate,100,Yes,No,79 cents
187,13,1,Premixed,200,No,No,79 cents
187,14,4,Premixed,50,Yes,No,35 cents
187,15,7,Concentrate,100,Yes,Yes,35 cents
187,16,5,Premixed,50,No,Yes,35 cents
187,17,2,Concentrate,50,No,No,49 cents
187,18,3,Powder,50,Yes,Yes,79 cents
187,19,6,Concentrate,100,Yes,No,49 cents
187,20,7,Powder,100,No,Yes,35 cents
187,21,3,Powder,200,Yes,Yes,79 cents
187,22,6,Concentrate,50,No,Yes,35 cents
193,1,7,Concentrate,200,Yes,No,35 cents
193,2,7,Powder,200,Yes,No,35 cents
193,3,6,Premixed,100,Yes,Yes,49 cents
193,4,6,Powder,200,Yes,Yes,49 cents
193,5,2,Powder,50,Yes,No,79 cents
193,6,1,Concentrate,200,No,Yes,79 cents
193,7,6,Premixed,100,Yes,No,79 cents
193,8,6,Premixed,200,Yes,No,49 cents
193,9,1,Powder,100,No,No,49 cents
193,10,5,Concentrate,50,Yes,No,49 cents
193,11,4,Powder,100,No,No,35 cents
193,12,5,Concentrate,100,Yes,No,79 cents
193,13,2,Premixed,200,No,No,79 cents
193,14,3,Premixed,50,Yes,No,35 cents
193,15,7,Concentrate,100,Yes,Yes,35 cents
193,16,1,Premixed,50,No,Yes,35 cents
193,17,2,Concentrate,50,No,No,49 cents
193,18,2,Powder,50,Yes,Yes,79 cents
193,19,7,Concentrate,100,Yes,No,49 cents
193,20,2,Powder,100,No,Yes,35 cents
193,21,7,Powder,200,Yes,Yes,79 cents
193,22,2,Concentrate,50,No,Yes,35 cents
194,1,2,Concentrate,200,Yes,No,35 cents
194,2,6,Powder,200,Yes,No,35 cents
194,3,6,Premixed,100,Yes,Yes,49 cents
194,4,2,Powder,200,Yes,Yes,49 cents
194,5,6,Powder,50,Yes,No,79 cents
194,6,2,Concentrate,200,No,Yes,79 cents
194,7,2,Premixed,100,Yes,No,79 cents
194,8,4,Premixed,200,Yes,No,49 cents
194,9,2,Powder,100,No,No,49 cents
194,10,4,Concentrate,50,Yes,No,49 cents
194,11,2,Powder,100,No,No,35 cents
194,12,4,Concentrate,100,Yes,No,79 cents
194,13,3,Premixed,200,No,No,79 cents
194,14,4,Premixed,50,Yes,No,35 cents
194,15,6,Concentrate,100,Yes,Yes,35 cents
194,16,1,Premixed,50,No,Yes,35 cents
194,17,4,Concentrate,50,No,No,49 cents
194,18,6,Powder,50,Yes,Yes,79 cents
194,19,4,Concentrate,100,Yes,No,49 cents
194,20,2,Powder,100,No,Yes,35 cents
194,21,6,Powder,200,Yes,Yes,79 cents
194,22,2,Concentrate,50,No,Yes,35 cents
197,1,6,Concentrate,200,Yes,No,35 cents
197,2,7,Powder,200,Yes,No,35 cents
197,3,5,Premixed,100,Yes,Yes,49 cents
197,4,6,Powder,200,Yes,Yes,49 cents
197,5,3,Powder,50,Yes,No,79 cents
197,6,3,Concentrate,200,No,Yes,79 cents
197,7,4,Premixed,100,Yes,No,79 cents
197,8,6,Premixed,200,Yes,No,49 cents
197,9,4,Powder,100,No,No,49 cents
197,10,4,Concentrate,50,Yes,No,49 cents
197,11,6,Powder,100,No,No,35 cents
197,12,3,Concentrate,100,Yes,No,79 cents
197,13,7,Premixed,200,No,No,79 cents
197,14,4,Premixed,50,Yes,No,35 cents
197,15,4,Concentrate,100,Yes,Yes,35 cents
197,16,4,Premixed,50,No,Yes,35 cents
197,17,5,Concentrate,50,No,No,49 cents
197,18,3,Powder,50,Yes,Yes,79 cents
197,19,3,Concentrate,100,Yes,No,49 cents
197,20,7,Powder,100,No,Yes,35 cents
197,21,6,Powder,200,Yes,Yes,79 cents
197,22,6,Concentrate,50,No,Yes,35 cents
211,1,5,Concentrate,200,Yes,No,35 cents
211,2,7,Powder,200,Yes,No,35 cents
211,3,5,Premixed,100,Yes,Yes,49 cents
211,4,7,Powder,200,Yes,Yes,49 cents
211,5,2,Powder,50,Yes,No,79 cents
211,6,2,Concentrate,200,No,Yes,79 cents
211,7,1,Premixed,100,Yes,No,79 cents
211,8,5,Premixed,200,Yes,No,49 cents
211,9,5,Powder,100,No,No,49 cents
211,10,2,Concentrate,50,Yes,No,49 cents
211,11,5,Powder,100,No,No,35 cents
211,12,1,Concentrate,100,Yes,No,79 cents
211,13,2,Premixed,200,No,No,79 cents
211,14,2,Premixed,50,Yes,No,35 cents
211,15,7,Concentrate,100,Yes,Yes,35 cents
211,16,5,Premixed,50,No,Yes,35 cents
211,17,2,Concentrate,50,No,No,49 cents
211,18,2,Powder,50,Yes,Yes,79 cents
211,19,1,Concentrate,100,Yes,No,49 cents
211,20,7,Powder,100,No,Yes,35 cents
211,21,7,Powder,200,Yes,Yes,79 cents
211,22,7,Concentrate,50,No,Yes,35 cents
222,1,7,Concentrate,200,Yes,No,35 cents
222,2,7,Powder,200,Yes,No,35 cents
222,3,3,Premixed,100,Yes,Yes,49 cents
222,4,3,Powder,200,Yes,Yes,49 cents
222,5,2,Powder,50,Yes,No,79 cents
222,6,2,Concentrate,200,No,Yes,79 cents
222,7,5,Premixed,100,Yes,No,79 cents
222,8,5,Premixed,200,Yes,No,49 cents
222,9,3,Powder,100,No,No,49 cents
222,10,6,Concentrate,50,Yes,No,49 cents
222,11,5,Powder,100,No,No,35 cents
222,12,2,Concentrate,100,Yes,No,79 cents
222,13,2,Premixed,200,No,No,79 cents
222,14,6,Premixed,50,Yes,No,35 cents
222,15,7,Concentrate,100,Yes,Yes,35 cents
222,16,3,Premixed,50,No,Yes,35 cents
222,17,4,Concentrate,50,No,No,49 cents
222,18,2,Powder,50,Yes,Yes,79 cents
222,19,5,Concentrate,100,Yes,No,49 cents
222,20,5,Powder,100,No,Yes,35 cents
222,21,2,Powder,200,Yes,Yes,79 cents
222,22,5,Concentrate,50,No,Yes,35 cents
225,1,7,Concentrate,200,Yes,No,35 cents
225,2,7,Powder,200,Yes,No,35 cents
225,3,4,Premixed,100,Yes,Yes,49 cents
225,4,6,Powder,200,Yes,Yes,49 cents
225,5,2,Powder,50,Yes,No,79 cents
225,6,2,Concentrate,200,No,Yes,79 cents
225,7,2,Premixed,100,Yes,No,79 cents
225,8,6,Premixed,200,Yes,No,49 cents
225,9,2,Powder,100,No,No,49 cents
225,10,4,Concentrate,50,Yes,No,49 cents
225,11,3,Powder,100,No,No,35 cents
225,12,3,Concentrate,100,Yes,No,79 cents
225,13,1,Premixed,200,No,No,79 cents
225,14,4,Premixed,50,Yes,No,35 cents
225,15,5,Concentrate,100,Yes,Yes,35 cents
225,16,2,Premixed,50,No,Yes,35 cents
225,17,2,Concentrate,50,No,No,49 cents
225,18,3,Powder,50,Yes,Yes,79 cents
225,19,5,Concentrate,100,Yes,No,49 cents
225,20,3,Powder,100,No,Yes,35 cents
225,21,4,Powder,200,Yes,Yes,79 cents
225,22,2,Concentrate,50,No,Yes,35 cents
229,1,7,Concentrate,200,Yes,No,35 cents
229,2,7,Powder,200,Yes,No,35 cents
229,3,7,Premixed,100,Yes,Yes,49 cents
229,4,7,Powder,200,Yes,Yes,49 cents
229,5,1,Powder,50,Yes,No,79 cents
229,6,4,Concentrate,200,No,Yes,79 cents
229,7,5,Premixed,100,Yes,No,79 cents
229,8,3,Premixed,200,Yes,No,49 cents
229,9,6,Powder,100,No,No,49 cents
229,10,2,Concentrate,50,Yes,No,49 cents
229,11,6,Powder,100,No,No,35 cents
229,12,3,Concentrate,100,Yes,No,79 cents
229,13,1,Premixed,200,No,No,79 cents
229,14,2,Premixed,50,Yes,No,35 cents
229,15,2,Concentrate,100,Yes,Yes,35 cents
229,16,7,Premixed,50,No,Yes,35 cents
229,17,1,Concentrate,50,No,No,49 cents
229,18,4,Powder,50,Yes,Yes,79 cents
229,19,1,Concentrate,100,Yes,No,49 cents
229,20,1,Powder,100,No,Yes,35 cents
229,21,5,Powder,200,Yes,Yes,79 cents
229,22,1,Concentrate,50,No,Yes,35 cents
235,1,5,Concentrate,200,Yes,No,35 cents
235,2,7,Powder,200,Yes,No,35 cents
235,3,6,Premixed,100,Yes,Yes,49 cents
235,4,6,Powder,200,Yes,Yes,49 cents
235,5,2,Powder,50,Yes,No,79 cents
235,6,3,Concentrate,200,No,Yes,79 cents
235,7,6,Premixed,100,Yes,No,79 cents
235,8,3,Premixed,200,Yes,No,49 cents
235,9,3,Powder,100,No,No,49 cents
235,10,6,Concentrate,50,Yes,No,49 cents
235,11,7,Powder,100,No,No,35 cents
235,12,6,Concentrate,100,Yes,No,79 cents
235,13,3,Premixed,200,No,No,79 cents
235,14,7,Premixed,50,Yes,No,35 cents
235,15,7,Concentrate,100,Yes,Yes,35 cents
235,16,6,Premixed,50,No,Yes,35 cents
235,17,6,Concentrate,50,No,No,49 cents
235,18,3,Powder,50,Yes,Yes,79 cents
235,19,5,Concentrate,100,Yes,No,49 cents
235,20,5,Powder,100,No,Yes,35 cents
235,21,3,Powder,200,Yes,Yes,79 cents
235,22,5,Concentrate,50,No,Yes,35 cents
236,1,4,Concentrate,200,Yes,No,35 cents
236,2,6,Powder,200,Yes,No,35 cents
236,3,2,Premixed,100,Yes,Yes,49 cents
236,4,4,Powder,200,Yes,Yes,49 cents
236,5,1,Powder,50,Yes,No,79 cents
236,6,1,Concentrate,200,No,Yes,79 cents
236,7,1,Premixed,100,Yes,No,79 cents
236,8,2,Premixed,200,Yes,No,49 cents
236,9,2,Powder,100,No,No,49 cents
236,10,2,Concentrate,50,Yes,No,49 cents
236,11,4,Powder,100,No,No,35 cents
236,12,1,Concentrate,100,Yes,No,79 cents
236,13,1,Premixed,200,No,No,79 cents
236,14,5,Premixed,50,Yes,No,35 cents
236,15,7,Concentrate,100,Yes,Yes,35 cents
236,16,2,Premixed,50,No,Yes,35 cents
236,17,1,Concentrate,50,No,No,49 cents
236,18,1,Powder,50,Yes,Yes,79 cents
236,19,2,Concentrate,100,Yes,No,49 cents
236,20,2,Powder,100,No,Yes,35 cents
236,21,1,Powder,200,Yes,Yes,79 cents
236,22,2,Concentrate,50,No,Yes,35 cents
240,1,2,Concentrate,200,Yes,No,35 cents
240,2,2,Powder,200,Yes,No,35 cents
240,3,5,Premixed,100,Yes,Yes,49 cents
240,4,7,Powder,200,Yes,Yes,49 cents
240,5,2,Powder,50,Yes,No,79 cents
240,6,6,Concentrate,200,No,Yes,79 cents
240,7,2,Premixed,100,Yes,No,79 cents
240,8,2,Premixed,200,Yes,No,49 cents
240,9,4,Powder,100,No,No,49 cents
240,10,2,Concentrate,50,Yes,No,49 cents
240,11,2,Powder,100,No,No,35 cents
240,12,2,Concentrate,100,Yes,No,79 cents
240,13,2,Premixed,200,No,No,79 cents
240,14,2,Premixed,50,Yes,No,35 cents
240,15,7,Concentrate,100,Yes,Yes,35 cents
240,16,6,Premixed,50,No,Yes,35 cents
240,17,1,Concentrate,50,No,No,49 cents
240,18,5,Powder,50,Yes,Yes,79 cents
240,19,4,Concentrate,100,Yes,No,49 cents
240,20,6,Powder,100,No,Yes,35 cents
240,21,6,Powder,200,Yes,Yes,79 cents
240,22,4,Concentrate,50,No,Yes,35 cents
260,1,5,Concentrate,200,Yes,No,35 cents
260,2,5,Powder,200,Yes,No,35 cents
260,3,5,Premixed,100,Yes,Yes,49 cents
260,4,5,Powder,200,Yes,Yes,49 cents
260,5,5,Powder,50,Yes,No,79 cents
260,6,2,Concentrate,200,No,Yes,79 cents
260,7,4,Premixed,100,Yes,No,79 cents
260,8,5,Premixed,200,Yes,No,49 cents
260,9,2,Powder,100,No,No,49 cents
260,10,5,Concentrate,50,Yes,No,49 cents
260,11,2,Powder,100,No,No,35 cents
260,12,6,Concentrate,100,Yes,No,79 cents
260,13,2,Premixed,200,No,No,79 cents
260,14,5,Premixed,50,Yes,No,35 cents
260,15,5,Concentrate,100,Yes,Yes,35 cents
260,16,1,Premixed,50,No,Yes,35 cents
260,17,2,Concentrate,50,No,No,49 cents
260,18,2,Powder,50,Yes,Yes,79 cents
260,19,5,Concentrate,100,Yes,No,49 cents
260,20,2,Powder,100,No,Yes,35 cents
260,21,2,Powder,200,Yes,Yes,79 cents
260,22,2,Concentrate,50,No,Yes,35 cents
261,1,6,Concentrate,200,Yes,No,35 cents
261,2,6,Powder,200,Yes,No,35 cents
261,3,4,Premixed,100,Yes,Yes,49 cents
261,4,6,Powder,200,Yes,Yes,49 cents
261,5,2,Powder,50,Yes,No,79 cents
261,6,2,Concentrate,200,No,Yes,79 cents
261,7,2,Premixed,100,Yes,No,79 cents
261,8,4,Premixed,200,Yes,No,49 cents
261,9,6,Powder,100,No,No,49 cents
261,10,6,Concentrate,50,Yes,No,49 cents
261,11,6,Powder,100,No,No,35 cents
261,12,2,Concentrate,100,Yes,No,79 cents
261,13,2,Premixed,200,No,No,79 cents
261,14,4,Premixed,50,Yes,No,35 cents
261,15,6,Concentrate,100,Yes,Yes,35 cents
261,16,4,Premixed,50,No,Yes,35 cents
261,17,4,Concentrate,50,No,No,49 cents
261,18,2,Powder,50,Yes,Yes,79 cents
261,19,4,Concentrate,100,Yes,No,49 cents
261,20,4,Powder,100,No,Yes,35 cents
261,21,2,Powder,200,Yes,Yes,79 cents
261,22,4,Concentrate,50,No,Yes,35 cents
266,1,6,Concentrate,200,Yes,No,35 cents
266,2,7,Powder,200,Yes,No,35 cents
266,3,7,Premixed,100,Yes,Yes,49 cents
266,4,5,Powder,200,Yes,Yes,49 cents
266,5,5,Powder,50,Yes,No,79 cents
266,6,6,Concentrate,200,No,Yes,79 cents
266,7,4,Premixed,100,Yes,No,79 cents
266,8,2,Premixed,200,Yes,No,49 cents
266,9,3,Powder,100,No,No,49 cents
266,10,3,Concentrate,50,Yes,No,49 cents
266,11,3,Powder,100,No,No,35 cents
266,12,2,Concentrate,100,Yes,No,79 cents
266,13,2,Premixed,200,No,No,79 cents
266,14,1,Premixed,50,Yes,No,35 cents
266,15,4,Concentrate,100,Yes,Yes,35 cents
266,16,3,Premixed,50,No,Yes,35 cents
266,17,4,Concentrate,50,No,No,49 cents
266,18,2,Powder,50,Yes,Yes,79 cents
266,19,1,Concentrate,100,Yes,No,49 cents
266,20,2,Powder,100,No,Yes,35 cents
266,21,1,Powder,200,Yes,Yes,79 cents
266,22,1,Concentrate,50,No,Yes,35 cents
271,1,7,Concentrate,200,Yes,No,35 cents
271,2,5,Powder,200,Yes,No,35 cents
271,3,4,Premixed,100,Yes,Yes,49 cents
271,4,3,Powder,200,Yes,Yes,49 cents
271,5,3,Powder,50,Yes,No,79 cents
271,6,2,Concentrate,200,No,Yes,79 cents
271,7,3,Premixed,100,Yes,No,79 cents
271,8,4,Premixed,200,Yes,No,49 cents
271,9,5,Powder,100,No,No,49 cents
271,10,6,Concentrate,50,Yes,No,49 cents
271,11,6,Powder,100,No,No,35 cents
271,12,3,Concentrate,100,Yes,No,79 cents
271,13,4,Premixed,200,No,No,79 cents
271,14,4,Premixed,50,Yes,No,35 cents
271,15,2,Concentrate,100,Yes,Yes,35 cents
271,16,2,Premixed,50,No,Yes,35 cents
271,17,2,Concentrate,50,No,No,49 cents
271,18,1,Powder,50,Yes,Yes,79 cents
271,19,2,Concentrate,100,Yes,No,49 cents
271,20,1,Powder,100,No,Yes,35 cents
271,21,1,Powder,200,Yes,Yes,79 cents
271,22,1,Concentrate,50,No,Yes,35 cents
277,1,6,Concentrate,200,Yes,No,35 cents
277,2,6,Powder,200,Yes,No,35 cents
277,3,5,Premixed,100,Yes,Yes,49 cents
277,4,5,Powder,200,Yes,Yes,49 cents
277,5,4,Powder,50,Yes,No,79 cents
277,6,3,Concentrate,200,No,Yes,79 cents
277,7,4,Premixed,100,Yes,No,79 cents
277,8,3,Premixed,200,Yes,No,49 cents
277,9,3,Powder,100,No,No,49 cents
277,10,3,Concentrate,50,Yes,No,49 cents
277,11,5,Powder,100,No,No,35 cents
277,12,4,Concentrate,100,Yes,No,79 cents
277,13,1,Premixed,200,No,No,79 cents
277,14,2,Premixed,50,Yes,No,35 cents
277,15,3,Concentrate,100,Yes,Yes,35 cents
277,16,1,Premixed,50,No,Yes,35 cents
277,17,2,Concentrate,50,No,No,49 cents
277,18,2,Powder,50,Yes,Yes,79 cents
277,19,2,Concentrate,100,Yes,No,49 cents
277,20,1,Powder,100,No,Yes,35 cents
277,21,1,Powder,200,Yes,Yes,79 cents
277,22,1,Concentrate,50,No,Yes,35 cents
287,1,3,Concentrate,200,Yes,No,35 cents
287,2,5,Powder,200,Yes,No,35 cents
287,3,2,Premixed,100,Yes,Yes,49 cents
287,4,2,Powder,200,Yes,Yes,49 cents
287,5,1,Powder,50,Yes,No,79 cents
287,6,1,Concentrate,200,No,Yes,79 cents
287,7,1,Premixed,100,Yes,No,79 cents
287,8,1,Premixed,200,Yes,No,49 cents
287,9,1,Powder,100,No,No,49 cents
287,10,1,Concentrate,50,Yes,No,49 cents
287,11,3,Powder,100,No,No,35 cents
287,12,1,Concentrate,100,Yes,No,79 cents
287,13,1,Premixed,200,No,No,79 cents
287,14,2,Premixed,50,Yes,No,35 cents
287,15,2,Concentrate,100,Yes,Yes,35 cents
287,16,3,Premixed,50,No,Yes,35 cents
287,17,1,Concentrate,50,No,No,49 cents
287,18,1,Powder,50,Yes,Yes,79 cents
287,19,1,Concentrate,100,Yes,No,49 cents
287,20,5,Powder,100,No,Yes,35 cents
287,21,1,Powder,200,Yes,Yes,79 cents
287,22,2,Concentrate,50,No,Yes,35 cents
300,1,6,Concentrate,200,Yes,No,35 cents
300,2,5,Powder,200,Yes,No,35 cents
300,3,4,Premixed,100,Yes,Yes,49 cents
300,4,5,Powder,200,Yes,Yes,49 cents
300,5,2,Powder,50,Yes,No,79 cents
300,6,2,Concentrate,200,No,Yes,79 cents
300,7,2,Premixed,100,Yes,No,79 cents
300,8,4,Premixed,200,Yes,No,49 cents
300,9,4,Powder,100,No,No,49 cents
300,10,5,Concentrate,50,Yes,No,49 cents
300,11,5,Powder,100,No,No,35 cents
300,12,2,Concentrate,100,Yes,No,79 cents
300,13,2,Premixed,200,No,No,79 cents
300,14,5,Premixed,50,Yes,No,35 cents
300,15,6,Concentrate,100,Yes,Yes,35 cents
300,16,3,Premixed,50,No,Yes,35 cents
300,17,5,Concentrate,50,No,No,49 cents
300,18,2,Powder,50,Yes,Yes,79 cents
300,19,5,Concentrate,100,Yes,No,49 cents
300,20,5,Powder,100,No,Yes,35 cents
300,21,2,Powder,200,Yes,Yes,79 cents
300,22,5,Concentrate,50,No,Yes,35 cents
302,1,6,Concentrate,200,Yes,No,35 cents
302,2,6,Powder,200,Yes,No,35 cents
302,3,6,Premixed,100,Yes,Yes,49 cents
302,4,7,Powder,200,Yes,Yes,49 cents
302,5,5,Powder,50,Yes,No,79 cents
302,6,3,Concentrate,200,No,Yes,79 cents
302,7,4,Premixed,100,Yes,No,79 cents
302,8,5,Premixed,200,Yes,No,49 cents
302,9,3,Powder,100,No,No,49 cents
302,10,5,Concentrate,50,Yes,No,49 cents
302,11,3,Powder,100,No,No,35 cents
302,12,5,Concentrate,100,Yes,No,79 cents
302,13,3,Premixed,200,No,No,79 cents
302,14,5,Premixed,50,Yes,No,35 cents
302,15,6,Concentrate,100,Yes,Yes,35 cents
302,16,2,Premixed,50,No,Yes,35 cents
302,17,2,Concentrate,50,No,No,49 cents
302,18,4,Powder,50,Yes,Yes,79 cents
302,19,7,Concentrate,100,Yes,No,49 cents
302,20,3,Powder,100,No,Yes,35 cents
302,21,7,Powder,200,Yes,Yes,79 cents
302,22,3,Concentrate,50,No,Yes,35 cents
303,1,6,Concentrate,200,Yes,No,35 cents
303,2,6,Powder,200,Yes,No,35 cents
303,3,5,Premixed,100,Yes,Yes,49 cents
303,4,7,Powder,200,Yes,Yes,49 cents
303,5,4,Powder,50,Yes,No,79 cents
303,6,2,Concentrate,200,No,Yes,79 cents
303,7,2,Premixed,100,Yes,No,79 cents
303,8,3,Premixed,200,Yes,No,49 cents
303,9,3,Powder,100,No,No,49 cents
303,10,3,Concentrate,50,Yes,No,49 cents
303,11,3,Powder,100,No,No,35 cents
303,12,6,Concentrate,100,Yes,No,79 cents
303,13,2,Premixed,200,No,No,79 cents
303,14,3,Premixed,50,Yes,No,35 cents
303,15,7,Concentrate,100,Yes,Yes,35 cents
303,16,2,Premixed,50,No,Yes,35 cents
303,17,3,Concentrate,50,No,No,49 cents
303,18,5,Powder,50,Yes,Yes,79 cents
303,19,6,Concentrate,100,Yes,No,49 cents
303,20,3,Powder,100,No,Yes,35 cents
303,21,7,Powder,200,Yes,Yes,79 cents
303,22,2,Concentrate,50,No,Yes,35 cents
309,1,7,Concentrate,200,Yes,No,35 cents
309,2,6,Powder,200,Yes,No,35 cents
309,3,5,Premixed,100,Yes,Yes,49 cents
309,4,7,Powder,200,Yes,Yes,49 cents
309,5,3,Powder,50,Yes,No,79 cents
309,6,1,Concentrate,200,No,Yes,79 cents
309,7,1,Premixed,100,Yes,No,79 cents
309,8,3,Premixed,200,Yes,No,49 cents
309,9,3,Powder,100,No,No,49 cents
309,10,3,Concentrate,50,Yes,No,49 cents
309,11,1,Powder,100,No,No,35 cents
309,12,2,Concentrate,100,Yes,No,79 cents
309,13,2,Premixed,200,No,No,79 cents
309,14,6,Premixed,50,Yes,No,35 cents
309,15,6,Concentrate,100,Yes,Yes,35 cents
309,16,3,Premixed,50,No,Yes,35 cents
309,17,2,Concentrate,50,No,No,49 cents
309,18,2,Powder,50,Yes,Yes,79 cents
309,19,4,Concentrate,100,Yes,No,49 cents
309,20,1,Powder,100,No,Yes,35 cents
309,21,4,Powder,200,Yes,Yes,79 cents
309,22,3,Concentrate,50,No,Yes,35 cents
318,1,3,Concentrate,200,Yes,No,35 cents
318,2,4,Powder,200,Yes,No,35 cents
318,3,5,Premixed,100,Yes,Yes,49 cents
318,4,6,Powder,200,Yes,Yes,49 cents
318,5,5,Powder,50,Yes,No,79 cents
318,6,2,Concentrate,200,No,Yes,79 cents
318,7,5,Premixed,100,Yes,No,79 cents
318,8,6,Premixed,200,Yes,No,49 cents
318,9,1,Powder,100,No,No,49 cents
318,10,6,Concentrate,50,Yes,No,49 cents
318,11,2,Powder,100,No,No,35 cents
318,12,5,Concentrate,100,Yes,No,79 cents
318,13,3,Premixed,200,No,No,79 cents
318,14,6,Premixed,50,Yes,No,35 cents
318,15,7,Concentrate,100,Yes,Yes,35 cents
318,16,4,Premixed,50,No,Yes,35 cents
318,17,2,Concentrate,50,No,No,49 cents
318,18,5,Powder,50,Yes,Yes,79 cents
318,19,6,Concentrate,100,Yes,No,49 cents
318,20,4,Powder,100,No,Yes,35 cents
318,21,6,Powder,200,Yes,Yes,79 cents
318,22,4,Concentrate,50,No,Yes,35 cents
323,1,4,Concentrate,200,Yes,No,35 cents
323,2,4,Powder,200,Yes,No,35 cents
323,3,1,Premixed,100,Yes,Yes,49 cents
323,4,6,Powder,200,Yes,Yes,49 cents
323,5,1,Powder,50,Yes,No,79 cents
323,6,6,Concentrate,200,No,Yes,79 cents
323,7,1,Premixed,100,Yes,No,79 cents
323,8,4,Premixed,200,Yes,No,49 cents
323,9,1,Powder,100,No,No,49 cents
323,10,4,Concentrate,50,Yes,No,49 cents
323,11,4,Powder,100,No,No,35 cents
323,12,1,Concentrate,100,Yes,No,79 cents
323,13,4,Premixed,200,No,No,79 cents
323,14,6,Premixed,50,Yes,No,35 cents
323,15,6,Concentrate,100,Yes,Yes,35 cents
323,16,6,Premixed,50,No,Yes,35 cents
323,17,4,Concentrate,50,No,No,49 cents
323,18,4,Powder,50,Yes,Yes,79 cents
323,19,1,Concentrate,100,Yes,No,49 cents
323,20,4,Powder,100,No,Yes,35 cents
323,21,1,Powder,200,Yes,Yes,79 cents
323,22,4,Concentrate,50,No,Yes,35 cents
336,1,3,Concentrate,200,Yes,No,35 cents
336,2,1,Powder,200,Yes,No,35 cents
336,3,4,Premixed,100,Yes,Yes,49 cents
336,4,1,Powder,200,Yes,Yes,49 cents
336,5,4,Powder,50,Yes,No,79 cents
336,6,4,Concentrate,200,No,Yes,79 cents
336,7,5,Premixed,100,Yes,No,79 cents
336,8,5,Premixed,200,Yes,No,49 cents
336,9,5,Powder,100,No,No,49 cents
336,10,5,Concentrate,50,Yes,No,49 cents
336,11,3,Powder,100,No,No,35 cents
336,12,2,Concentrate,100,Yes,No,79 cents
336,13,5,Premixed,200,No,No,79 cents
336,14,7,Premixed,50,Yes,No,35 cents
336,15,4,Concentrate,100,Yes,Yes,35 cents
336,16,6,Premixed,50,No,Yes,35 cents
336,17,5,Concentrate,50,No,No,49 cents
336,18,4,Powder,50,Yes,Yes,79 cents
336,19,2,Concentrate,100,Yes,No,49 cents
336,20,3,Powder,100,No,Yes,35 cents
336,21,1,Powder,200,Yes,Yes,79 cents
336,22,4,Concentrate,50,No,Yes,35 cents
348,1,3,Concentrate,200,Yes,No,35 cents
348,2,3,Powder,200,Yes,No,35 cents
348,3,1,Premixed,100,Yes,Yes,49 cents
348,4,1,Powder,200,Yes,Yes,49 cents
348,5,1,Powder,50,Yes,No,79 cents
348,6,1,Concentrate,200,No,Yes,79 cents
348,7,1,Premixed,100,Yes,No,79 cents
348,8,1,Premixed,200,Yes,No,49 cents
348,9,1,Powder,100,No,No,49 cents
348,10,1,Concentrate,50,Yes,No,49 cents
348,11,3,Powder,100,No,No,35 cents
348,12,1,Concentrate,100,Yes,No,79 cents
348,13,1,Premixed,200,No,No,79 cents
348,14,3,Premixed,50,Yes,No,35 cents
348,15,5,Concentrate,100,Yes,Yes,35 cents
348,16,6,Premixed,50,No,Yes,35 cents
348,17,1,Concentrate,50,No,No,49 cents
348,18,1,Powder,50,Yes,Yes,79 cents
348,19,1,Concentrate,100,Yes,No,49 cents
348,20,6,Powder,100,No,Yes,35 cents
348,21,1,Powder,200,Yes,Yes,79 cents
348,22,6,Concentrate,50,No,Yes,35 cents
350,1,6,Concentrate,200,Yes,No,35 cents
350,2,6,Powder,200,Yes,No,35 cents
350,3,3,Premixed,100,Yes,Yes,49 cents
350,4,7,Powder,200,Yes,Yes,49 cents
350,5,5,Powder,50,Yes,No,79 cents
350,6,2,Concentrate,200,No,Yes,79 cents
350,7,3,Premixed,100,Yes,No,79 cents
350,8,5,Premixed,200,Yes,No,49 cents
350,9,2,Powder,100,No,No,49 cents
350,10,5,Concentrate,50,Yes,No,49 cents
350,11,2,Powder,100,No,No,35 cents
350,12,5,Concentrate,100,Yes,No,79 cents
350,13,2,Premixed,200,No,No,79 cents
350,14,5,Premixed,50,Yes,No,35 cents
350,15,5,Concentrate,100,Yes,Yes,35 cents
350,16,2,Premixed,50,No,Yes,35 cents
350,17,2,Concentrate,50,No,No,49 cents
350,18,5,Powder,50,Yes,Yes,79 cents
350,19,6,Concentrate,100,Yes,No,49 cents
350,20,3,Powder,100,No,Yes,35 cents
350,21,6,Powder,200,Yes,Yes,79 cents
350,22,3,Concentrate,50,No,Yes,35 cents
354,1,5,Concentrate,200,Yes,No,35 cents
354,2,5,Powder,200,Yes,No,35 cents
354,3,4,Premixed,100,Yes,Yes,49 cents
354,4,6,Powder,200,Yes,Yes,49 cents
354,5,1,Powder,50,Yes,No,79 cents
354,6,1,Concentrate,200,No,Yes,79 cents
354,7,2,Premixed,100,Yes,No,79 cents
354,8,4,Premixed,200,Yes,No,49 cents
354,9,3,Powder,100,No,No,49 cents
354,10,5,Concentrate,50,Yes,No,49 cents
354,11,2,Powder,100,No,No,35 cents
354,12,2,Concentrate,100,Yes,No,79 cents
354,13,6,Premixed,200,No,No,79 cents
354,14,6,Premixed,50,Yes,No,35 cents
354,15,6,Concentrate,100,Yes,Yes,35 cents
354,16,6,Premixed,50,No,Yes,35 cents
354,17,5,Concentrate,50,No,No,49 cents
354,18,2,Powder,50,Yes,Yes,79 cents
354,19,6,Concentrate,100,Yes,No,49 cents
354,20,6,Powder,100,No,Yes,35 cents
354,21,5,Powder,200,Yes,Yes,79 cents
354,22,6,Concentrate,50,No,Yes,35 cents
356,1,4,Concentrate,200,Yes,No,35 cents
356,2,5,Powder,200,Yes,No,35 cents
356,3,2,Premixed,100,Yes,Yes,49 cents
356,4,4,Powder,200,Yes,Yes,49 cents
356,5,1,Powder,50,Yes,No,79 cents
356,6,1,Concentrate,200,No,Yes,79 cents
356,7,1,Premixed,100,Yes,No,79 cents
356,8,4,Premixed,200,Yes,No,49 cents
356,9,3,Powder,100,No,No,49 cents
356,10,2,Concentrate,50,Yes,No,49 cents
356,11,5,Powder,100,No,No,35 cents
356,12,2,Concentrate,100,Yes,No,79 cents
356,13,1,Premixed,200,No,No,79 cents
356,14,3,Premixed,50,Yes,No,35 cents
356,15,5,Concentrate,100,Yes,Yes,35 cents
356,16,7,Premixed,50,No,Yes,35 cents
356,17,2,Concentrate,50,No,No,49 cents
356,18,1,Powder,50,Yes,Yes,79 cents
356,19,3,Concentrate,100,Yes,No,49 cents
356,20,6,Powder,100,No,Yes,35 cents
356,21,2,Powder,200,Yes,Yes,79 cents
356,22,6,Concentrate,50,No,Yes,35 cents
357,1,7,Concentrate,200,Yes,No,35 cents
357,2,6,Powder,200,Yes,No,35 cents
357,3,7,Premixed,100,Yes,Yes,49 cents
357,4,6,Powder,200,Yes,Yes,49 cents
357,5,3,Powder,50,Yes,No,79 cents
357,6,3,Concentrate,200,No,Yes,79 cents
357,7,3,Premixed,100,Yes,No,79 cents
357,8,6,Premixed,200,Yes,No,49 cents
357,9,6,Powder,100,No,No,49 cents
357,10,7,Concentrate,50,Yes,No,49 cents
357,11,7,Powder,100,No,No,35 cents
357,12,4,Concentrate,100,Yes,No,79 cents
357,13,2,Premixed,200,No,No,79 cents
357,14,5,Premixed,50,Yes,No,35 cents
357,15,7,Concentrate,100,Yes,Yes,35 cents
357,16,6,Premixed,50,No,Yes,35 cents
357,17,3,Concentrate,50,No,No,49 cents
357,18,4,Powder,50,Yes,Yes,79 cents
357,19,7,Concentrate,100,Yes,No,49 cents
357,20,7,Powder,100,No,Yes,35 cents
357,21,3,Powder,200,Yes,Yes,79 cents
357,22,6,Concentrate,50,No,Yes,35 cents
363,1,6,Concentrate,200,Yes,No,35 cents
363,2,6,Powder,200,Yes,No,35 cents
363,3,5,Premixed,100,Yes,Yes,49 cents
363,4,5,Powder,200,Yes,Yes,49 cents
363,5,1,Powder,50,Yes,No,79 cents
363,6,1,Concentrate,200,No,Yes,79 cents
363,7,5,Premixed,100,Yes,No,79 cents
363,8,5,Premixed,200,Yes,No,49 cents
363,9,1,Powder,100,No,No,49 cents
363,10,4,Concentrate,50,Yes,No,49 cents
363,11,3,Powder,100,No,No,35 cents
363,12,4,Concentrate,100,Yes,No,79 cents
363,13,1,Premixed,200,No,No,79 cents
363,14,2,Premixed,50,Yes,No,35 cents
363,15,7,Concentrate,100,Yes,Yes,35 cents
363,16,2,Premixed,50,No,Yes,35 cents
363,17,1,Concentrate,50,No,No,49 cents
363,18,1,Powder,50,Yes,Yes,79 cents
363,19,6,Concentrate,100,Yes,No,49 cents
363,20,2,Powder,100,No,Yes,35 cents
363,21,7,Powder,200,Yes,Yes,79 cents
363,22,2,Concentrate,50,No,Yes,35 cents
364,1,7,Concentrate,200,Yes,No,35 cents
364,2,4,Powder,200,Yes,No,35 cents
364,3,5,Premixed,100,Yes,Yes,49 cents
364,4,4,Powder,200,Yes,Yes,49 cents
364,5,3,Powder,50,Yes,No,79 cents
364,6,1,Concentrate,200,No,Yes,79 cents
364,7,3,Premixed,100,Yes,No,79 cents
364,8,3,Premixed,200,Yes,No,49 cents
364,9,5,Powder,100,No,No,49 cents
364,10,4,Concentrate,50,Yes,No,49 cents
364,11,6,Powder,100,No,No,35 cents
364,12,3,Concentrate,100,Yes,No,79 cents
364,13,3,Premixed,200,No,No,79 cents
364,14,6,Premixed,50,Yes,No,35 cents
364,15,7,Concentrate,100,Yes,Yes,35 cents
364,16,2,Premixed,50,No,Yes,35 cents
364,17,5,Concentrate,50,No,No,49 cents
364,18,1,Powder,50,Yes,Yes,79 cents
364,19,5,Concentrate,100,Yes,No,49 cents
364,20,5,Powder,100,No,Yes,35 cents
364,21,3,Powder,200,Yes,Yes,79 cents
364,22,5,Concentrate,50,No,Yes,35 cents
366,1,7,Concentrate,200,Yes,No,35 cents
366,2,7,Powder,200,Yes,No,35 cents
366,3,3,Premixed,100,Yes,Yes,49 cents
366,4,7,Powder,200,Yes,Yes,49 cents
366,5,3,Powder,50,Yes,No,79 cents
366,6,6,Concentrate,200,No,Yes,79 cents
366,7,3,Premixed,100,Yes,No,79 cents
366,8,7,Premixed,200,Yes,No,49 cents
366,9,3,Powder,100,No,No,49 cents
366,10,3,Concentrate,50,Yes,No,49 cents
366,11,6,Powder,100,No,No,35 cents
366,12,7,Concentrate,100,Yes,No,79 cents
366,13,2,Premixed,200,No,No,79 cents
366,14,6,Premixed,50,Yes,No,35 cents
366,15,7,Concentrate,100,Yes,Yes,35 cents
366,16,5,Premixed,50,No,Yes,35 cents
366,17,2,Concentrate,50,No,No,49 cents
366,18,3,Powder,50,Yes,Yes,79 cents
366,19,4,Concentrate,100,Yes,No,49 cents
366,20,7,Powder,100,No,Yes,35 cents
366,21,6,Powder,200,Yes,Yes,79 cents
366,22,6,Concentrate,50,No,Yes,35 cents
368,1,7,Concentrate,200,Yes,No,35 cents
368,2,7,Powder,200,Yes,No,35 cents
368,3,6,Premixed,100,Yes,Yes,49 cents
368,4,6,Powder,200,Yes,Yes,49 cents
368,5,3,Powder,50,Yes,No,79 cents
368,6,1,Concentrate,200,No,Yes,79 cents
368,7,2,Premixed,100,Yes,No,79 cents
368,8,4,Premixed,200,Yes,No,49 cents
368,9,2,Powder,100,No,No,49 cents
368,10,5,Concentrate,50,Yes,No,49 cents
368,11,3,Powder,100,No,No,35 cents
368,12,2,Concentrate,100,Yes,No,79 cents
368,13,1,Premixed,200,No,No,79 cents
368,14,3,Premixed,50,Yes,No,35 cents
368,15,6,Concentrate,100,Yes,Yes,35 cents
368,16,3,Premixed,50,No,Yes,35 cents
368,17,2,Concentrate,50,No,No,49 cents
368,18,1,Powder,50,Yes,Yes,79 cents
368,19,3,Concentrate,100,Yes,No,49 cents
368,20,2,Powder,100,No,Yes,35 cents
368,21,2,Powder,200,Yes,Yes,79 cents
368,22,2,Concentrate,50,No,Yes,35 cents
370,1,6,Concentrate,200,Yes,No,35 cents
370,2,3,Powder,200,Yes,No,35 cents
370,3,5,Premixed,100,Yes,Yes,49 cents
370,4,5,Powder,200,Yes,Yes,49 cents
370,5,3,Powder,50,Yes,No,79 cents
370,6,2,Concentrate,200,No,Yes,79 cents
370,7,4,Premixed,100,Yes,No,79 cents
370,8,6,Premixed,200,Yes,No,49 cents
370,9,5,Powder,100,No,No,49 cents
370,10,5,Concentrate,50,Yes,No,49 cents
370,11,2,Powder,100,No,No,35 cents
370,12,4,Concentrate,100,Yes,No,79 cents
370,13,4,Premixed,200,No,No,79 cents
370,14,6,Premixed,50,Yes,No,35 cents
370,15,7,Concentrate,100,Yes,Yes,35 cents
370,16,5,Premixed,50,No,Yes,35 cents
370,17,4,Concentrate,50,No,No,49 cents
370,18,4,Powder,50,Yes,Yes,79 cents
370,19,6,Concentrate,100,Yes,No,49 cents
370,20,3,Powder,100,No,Yes,35 cents
370,21,2,Powder,200,Yes,Yes,79 cents
370,22,3,Concentrate,50,No,Yes,35 cents
372,1,7,Concentrate,200,Yes,No,35 cents
372,2,6,Powder,200,Yes,No,35 cents
372,3,7,Premixed,100,Yes,Yes,49 cents
372,4,5,Powder,200,Yes,Yes,49 cents
372,5,5,Powder,50,Yes,No,79 cents
372,6,3,Concentrate,200,No,Yes,79 cents
372,7,5,Premixed,100,Yes,No,79 cents
372,8,5,Premixed,200,Yes,No,49 cents
372,9,2,Powder,100,No,No,49 cents
372,10,6,Concentrate,50,Yes,No,49 cents
372,11,2,Powder,100,No,No,35 cents
372,12,5,Concentrate,100,Yes,No,79 cents
372,13,3,Premixed,200,No,No,79 cents
372,14,6,Premixed,50,Yes,No,35 cents
372,15,7,Concentrate,100,Yes,Yes,35 cents
372,16,2,Premixed,50,No,Yes,35 cents
372,17,3,Concentrate,50,No,No,49 cents
372,18,4,Powder,50,Yes,Yes,79 cents
372,19,7,Concentrate,100,Yes,No,49 cents
372,20,3,Powder,100,No,Yes,35 cents
372,21,2,Powder,200,Yes,Yes,79 cents
372,22,3,Concentrate,50,No,Yes,35 cents
382,1,3,Concentrate,200,Yes,No,35 cents
382,2,3,Powder,200,Yes,No,35 cents
382,3,3,Premixed,100,Yes,Yes,49 cents
382,4,2,Powder,200,Yes,Yes,49 cents
382,5,2,Powder,50,Yes,No,79 cents
382,6,1,Concentrate,200,No,Yes,79 cents
382,7,2,Premixed,100,Yes,No,79 cents
382,8,4,Premixed,200,Yes,No,49 cents
382,9,7,Powder,100,No,No,49 cents
382,10,5,Concentrate,50,Yes,No,49 cents
382,11,2,Powder,100,No,No,35 cents
382,12,2,Concentrate,100,Yes,No,79 cents
382,13,1,Premixed,200,No,No,79 cents
382,14,2,Premixed,50,Yes,No,35 cents
382,15,3,Concentrate,100,Yes,Yes,35 cents
382,16,3,Premixed,50,No,Yes,35 cents
382,17,3,Concentrate,50,No,No,49 cents
382,18,4,Powder,50,Yes,Yes,79 cents
382,19,4,Concentrate,100,Yes,No,49 cents
382,20,6,Powder,100,No,Yes,35 cents
382,21,1,Powder,200,Yes,Yes,79 cents
382,22,1,Concentrate,50,No,Yes,35 cents
396,1,7,Concentrate,200,Yes,No,35 cents
396,2,7,Powder,200,Yes,No,35 cents
396,3,5,Premixed,100,Yes,Yes,49 cents
396,4,5,Powder,200,Yes,Yes,49 cents
396,5,1,Powder,50,Yes,No,79 cents
396,6,1,Concentrate,200,No,Yes,79 cents
396,7,1,Premixed,100,Yes,No,79 cents
396,8,5,Premixed,200,Yes,No,49 cents
396,9,5,Powder,100,No,No,49 cents
396,10,5,Concentrate,50,Yes,No,49 cents
396,11,7,Powder,100,No,No,35 cents
396,12,1,Concentrate,100,Yes,No,79 cents
396,13,1,Premixed,200,No,No,79 cents
396,14,7,Premixed,50,Yes,No,35 cents
396,15,7,Concentrate,100,Yes,Yes,35 cents
396,16,7,Premixed,50,No,Yes,35 cents
396,17,5,Concentrate,50,No,No,49 cents
396,18,1,Powder,50,Yes,Yes,79 cents
396,19,5,Concentrate,100,Yes,No,49 cents
396,20,7,Powder,100,No,Yes,35 cents
396,21,1,Powder,200,Yes,Yes,79 cents
396,22,7,Concentrate,50,No,Yes,35 cents
399,1,4,Concentrate,200,Yes,No,35 cents
399,2,5,Powder,200,Yes,No,35 cents
399,3,2,Premixed,100,Yes,Yes,49 cents
399,4,1,Powder,200,Yes,Yes,49 cents
399,5,1,Powder,50,Yes,No,79 cents
399,6,1,Concentrate,200,No,Yes,79 cents
399,7,1,Premixed,100,Yes,No,79 cents
399,8,1,Premixed,200,Yes,No,49 cents
399,9,2,Powder,100,No,No,49 cents
399,10,2,Concentrate,50,Yes,No,49 cents
399,11,4,Powder,100,No,No,35 cents
399,12,1,Concentrate,100,Yes,No,79 cents
399,13,1,Premixed,200,No,No,79 cents
399,14,4,Premixed,50,Yes,No,35 cents
399,15,5,Concentrate,100,Yes,Yes,35 cents
399,16,2,Premixed,50,No,Yes,35 cents
399,17,1,Concentrate,50,No,No,49 cents
399,18,1,Powder,50,Yes,Yes,79 cents
399,19,1,Concentrate,100,Yes,No,49 cents
399,20,4,Powder,100,No,Yes,35 cents
399,21,1,Powder,200,Yes,Yes,79 cents
399,22,2,Concentrate,50,No,Yes,35 cents
401,1,6,Concentrate,200,Yes,No,35 cents
401,2,6,Powder,200,Yes,No,35 cents
401,3,3,Premixed,100,Yes,Yes,49 cents
401,4,3,Powder,200,Yes,Yes,49 cents
401,5,1,Powder,50,Yes,No,79 cents
401,6,1,Concentrate,200,No,Yes,79 cents
401,7,1,Premixed,100,Yes,No,79 cents
401,8,3,Premixed,200,Yes,No,49 cents
401,9,1,Powder,100,No,No,49 cents
401,10,3,Concentrate,50,Yes,No,49 cents
401,11,5,Powder,100,No,No,35 cents
401,12,1,Concentrate,100,Yes,No,79 cents
401,13,1,Premixed,200,No,No,79 cents
401,14,5,Premixed,50,Yes,No,35 cents
401,15,7,Concentrate,100,Yes,Yes,35 cents
401,16,6,Premixed,50,No,Yes,35 cents
401,17,1,Concentrate,50,No,No,49 cents
401,18,1,Powder,50,Yes,Yes,79 cents
401,19,4,Concentrate,100,Yes,No,49 cents
401,20,5,Powder,100,No,Yes,35 cents
401,21,1,Powder,200,Yes,Yes,79 cents
401,22,5,Concentrate,50,No,Yes,35 cents
416,1,6,Concentrate,200,Yes,No,35 cents
416,2,7,Powder,200,Yes,No,35 cents
416,3,3,Premixed,100,Yes,Yes,49 cents
416,4,5,Powder,200,Yes,Yes,49 cents
416,5,2,Powder,50,Yes,No,79 cents
416,6,2,Concentrate,200,No,Yes,79 cents
416,7,1,Premixed,100,Yes,No,79 cents
416,8,2,Premixed,200,Yes,No,49 cents
416,9,2,Powder,100,No,No,49 cents
416,10,1,Concentrate,50,Yes,No,49 cents
416,11,7,Powder,100,No,No,35 cents
416,12,1,Concentrate,100,Yes,No,79 cents
416,13,1,Premixed,200,No,No,79 cents
416,14,7,Premixed,50,Yes,No,35 cents
416,15,4,Concentrate,100,Yes,Yes,35 cents
416,16,6,Premixed,50,No,Yes,35 cents
416,17,2,Concentrate,50,No,No,49 cents
416,18,1,Powder,50,Yes,Yes,79 cents
416,19,2,Concentrate,100,Yes,No,49 cents
416,20,5,Powder,100,No,Yes,35 cents
416,21,2,Powder,200,Yes,Yes,79 cents
416,22,5,Concentrate,50,No,Yes,35 cents
425,1,6,Concentrate,200,Yes,No,35 cents
425,2,7,Powder,200,Yes,No,35 cents
425,3,3,Premixed,100,Yes,Yes,49 cents
425,4,7,Powder,200,Yes,Yes,49 cents
425,5,2,Powder,50,Yes,No,79 cents
425,6,1,Concentrate,200,No,Yes,79 cents
425,7,2,Premixed,100,Yes,No,79 cents
425,8,5,Premixed,200,Yes,No,49 cents
425,9,1,Powder,100,No,No,49 cents
425,10,5,Concentrate,50,Yes,No,49 cents
425,11,2,Powder,100,No,No,35 cents
425,12,3,Concentrate,100,Yes,No,79 cents
425,13,1,Premixed,200,No,No,79 cents
425,14,2,Premixed,50,Yes,No,35 cents
425,15,7,Concentrate,100,Yes,Yes,35 cents
425,16,1,Premixed,50,No,Yes,35 cents
425,17,2,Concentrate,50,No,No,49 cents
425,18,1,Powder,50,Yes,Yes,79 cents
425,19,5,Concentrate,100,Yes,No,49 cents
425,20,1,Powder,100,No,Yes,35 cents
425,21,1,Powder,200,Yes,Yes,79 cents
425,22,1,Concentrate,50,No,Yes,35 cents
421,1,4,Concentrate,200,Yes,No,35 cents
421,2,6,Powder,200,Yes,No,35 cents
421,3,4,Premixed,100,Yes,Yes,49 cents
421,4,5,Powder,200,Yes,Yes,49 cents
421,5,1,Powder,50,Yes,No,79 cents
421,6,2,Concentrate,200,No,Yes,79 cents
421,7,1,Premixed,100,Yes,No,79 cents
421,8,3,Premixed,200,Yes,No,49 cents
421,9,2,Powder,100,No,No,49 cents
421,10,6,Concentrate,50,Yes,No,49 cents
421,11,2,Powder,100,No,No,35 cents
421,12,2,Concentrate,100,Yes,No,79 cents
421,13,1,Premixed,200,No,No,79 cents
421,14,5,Premixed,50,Yes,No,35 cents
421,15,7,Concentrate,100,Yes,Yes,35 cents
421,16,4,Premixed,50,No,Yes,35 cents
421,17,1,Concentrate,50,No,No,49 cents
421,18,1,Powder,50,Yes,Yes,79 cents
421,19,5,Concentrate,100,Yes,No,49 cents
421,20,2,Powder,100,No,Yes,35 cents
421,21,1,Powder,200,Yes,Yes,79 cents
421,22,2,Concentrate,50,No,Yes,35 cents
422,1,7,Concentrate,200,Yes,No,35 cents
422,2,7,Powder,200,Yes,No,35 cents
422,3,3,Premixed,100,Yes,Yes,49 cents
422,4,7,Powder,200,Yes,Yes,49 cents
422,5,3,Powder,50,Yes,No,79 cents
422,6,5,Concentrate,200,No,Yes,79 cents
422,7,2,Premixed,100,Yes,No,79 cents
422,8,6,Premixed,200,Yes,No,49 cents
422,9,3,Powder,100,No,No,49 cents
422,10,2,Concentrate,50,Yes,No,49 cents
422,11,6,Powder,100,No,No,35 cents
422,12,6,Concentrate,100,Yes,No,79 cents
422,13,3,Premixed,200,No,No,79 cents
422,14,5,Premixed,50,Yes,No,35 cents
422,15,7,Concentrate,100,Yes,Yes,35 cents
422,16,4,Premixed,50,No,Yes,35 cents
422,17,2,Concentrate,50,No,No,49 cents
422,18,2,Powder,50,Yes,Yes,79 cents
422,19,4,Concentrate,100,Yes,No,49 cents
422,20,7,Powder,100,No,Yes,35 cents
422,21,6,Powder,200,Yes,Yes,79 cents
422,22,5,Concentrate,50,No,Yes,35 cents
428,1,6,Concentrate,200,Yes,No,35 cents
428,2,7,Powder,200,Yes,No,35 cents
428,3,4,Premixed,100,Yes,Yes,49 cents
428,4,2,Powder,200,Yes,Yes,49 cents
428,5,1,Powder,50,Yes,No,79 cents
428,6,1,Concentrate,200,No,Yes,79 cents
428,7,1,Premixed,100,Yes,No,79 cents
428,8,1,Premixed,200,Yes,No,49 cents
428,9,2,Powder,100,No,No,49 cents
428,10,4,Concentrate,50,Yes,No,49 cents
428,11,7,Powder,100,No,No,35 cents
428,12,1,Concentrate,100,Yes,No,79 cents
428,13,1,Premixed,200,No,No,79 cents
428,14,7,Premixed,50,Yes,No,35 cents
428,15,7,Concentrate,100,Yes,Yes,35 cents
428,16,6,Premixed,50,No,Yes,35 cents
428,17,4,Concentrate,50,No,No,49 cents
428,18,2,Powder,50,Yes,Yes,79 cents
428,19,3,Concentrate,100,Yes,No,49 cents
428,20,7,Powder,100,No,Yes,35 cents
428,21,2,Powder,200,Yes,Yes,79 cents
428,22,7,Concentrate,50,No,Yes,35 cents
433,1,5,Concentrate,200,Yes,No,35 cents
433,2,6,Powder,200,Yes,No,35 cents
433,3,5,Premixed,100,Yes,Yes,49 cents
433,4,4,Powder,200,Yes,Yes,49 cents
433,5,2,Powder,50,Yes,No,79 cents
433,6,4,Concentrate,200,No,Yes,79 cents
433,7,3,Premixed,100,Yes,No,79 cents
433,8,5,Premixed,200,Yes,No,49 cents
433,9,2,Powder,100,No,No,49 cents
433,10,5,Concentrate,50,Yes,No,49 cents
433,11,6,Powder,100,No,No,35 cents
433,12,3,Concentrate,100,Yes,No,79 cents
433,13,3,Premixed,200,No,No,79 cents
433,14,5,Premixed,50,Yes,No,35 cents
433,15,5,Concentrate,100,Yes,Yes,35 cents
433,16,6,Premixed,50,No,Yes,35 cents
433,17,4,Concentrate,50,No,No,49 cents
433,18,3,Powder,50,Yes,Yes,79 cents
433,19,4,Concentrate,100,Yes,No,49 cents
433,20,6,Powder,100,No,Yes,35 cents
433,21,5,Powder,200,Yes,Yes,79 cents
433,22,6,Concentrate,50,No,Yes,35 cents
440,1,6,Concentrate,200,Yes,No,35 cents
440,2,7,Powder,200,Yes,No,35 cents
440,3,3,Premixed,100,Yes,Yes,49 cents
440,4,6,Powder,200,Yes,Yes,49 cents
440,5,4,Powder,50,Yes,No,79 cents
440,6,2,Concentrate,200,No,Yes,79 cents
440,7,2,Premixed,100,Yes,No,79 cents
440,8,2,Premixed,200,Yes,No,49 cents
440,9,2,Powder,100,No,No,49 cents
440,10,6,Concentrate,50,Yes,No,49 cents
440,11,3,Powder,100,No,No,35 cents
440,12,7,Concentrate,100,Yes,No,79 cents
440,13,1,Premixed,200,No,No,79 cents
440,14,7,Premixed,50,Yes,No,35 cents
440,15,7,Concentrate,100,Yes,Yes,35 cents
440,16,3,Premixed,50,No,Yes,35 cents
440,17,1,Concentrate,50,No,No,49 cents
440,18,5,Powder,50,Yes,Yes,79 cents
440,19,7,Concentrate,100,Yes,No,49 cents
440,20,2,Powder,100,No,Yes,35 cents
440,21,7,Powder,200,Yes,Yes,79 cents
440,22,2,Concentrate,50,No,Yes,35 cents
441,1,5,Concentrate,200,Yes,No,35 cents
441,2,7,Powder,200,Yes,No,35 cents
441,3,3,Premixed,100,Yes,Yes,49 cents
441,4,6,Powder,200,Yes,Yes,49 cents
441,5,4,Powder,50,Yes,No,79 cents
441,6,2,Concentrate,200,No,Yes,79 cents
441,7,1,Premixed,100,Yes,No,79 cents
441,8,3,Premixed,200,Yes,No,49 cents
441,9,3,Powder,100,No,No,49 cents
441,10,5,Concentrate,50,Yes,No,49 cents
441,11,6,Powder,100,No,No,35 cents
441,12,4,Concentrate,100,Yes,No,79 cents
441,13,3,Premixed,200,No,No,79 cents
441,14,3,Premixed,50,Yes,No,35 cents
441,15,6,Concentrate,100,Yes,Yes,35 cents
441,16,4,Premixed,50,No,Yes,35 cents
441,17,6,Concentrate,50,No,No,49 cents
441,18,2,Powder,50,Yes,Yes,79 cents
441,19,6,Concentrate,100,Yes,No,49 cents
441,20,5,Powder,100,No,Yes,35 cents
441,21,4,Powder,200,Yes,Yes,79 cents
441,22,6,Concentrate,50,No,Yes,35 cents
453,1,5,Concentrate,200,Yes,No,35 cents
453,2,7,Powder,200,Yes,No,35 cents
453,3,7,Premixed,100,Yes,Yes,49 cents
453,4,7,Powder,200,Yes,Yes,49 cents
453,5,1,Powder,50,Yes,No,79 cents
453,6,3,Concentrate,200,No,Yes,79 cents
453,7,2,Premixed,100,Yes,No,79 cents
453,8,5,Premixed,200,Yes,No,49 cents
453,9,6,Powder,100,No,No,49 cents
453,10,6,Concentrate,50,Yes,No,49 cents
453,11,6,Powder,100,No,No,35 cents
453,12,3,Concentrate,100,Yes,No,79 cents
453,13,1,Premixed,200,No,No,79 cents
453,14,4,Premixed,50,Yes,No,35 cents
453,15,7,Concentrate,100,Yes,Yes,35 cents
453,16,6,Premixed,50,No,Yes,35 cents
453,17,1,Concentrate,50,No,No,49 cents
453,18,3,Powder,50,Yes,Yes,79 cents
453,19,6,Concentrate,100,Yes,No,49 cents
453,20,7,Powder,100,No,Yes,35 cents
453,21,3,Powder,200,Yes,Yes,79 cents
453,22,6,Concentrate,50,No,Yes,35 cents
454,1,6,Concentrate,200,Yes,No,35 cents
454,2,6,Powder,200,Yes,No,35 cents
454,3,6,Premixed,100,Yes,Yes,49 cents
454,4,7,Powder,200,Yes,Yes,49 cents
454,5,2,Powder,50,Yes,No,79 cents
454,6,1,Concentrate,200,No,Yes,79 cents
454,7,7,Premixed,100,Yes,No,79 cents
454,8,6,Premixed,200,Yes,No,49 cents
454,9,1,Powder,100,No,No,49 cents
454,10,5,Concentrate,50,Yes,No,49 cents
454,11,4,Powder,100,No,No,35 cents
454,12,5,Concentrate,100,Yes,No,79 cents
454,13,4,Premixed,200,No,No,79 cents
454,14,3,Premixed,50,Yes,No,35 cents
454,15,7,Concentrate,100,Yes,Yes,35 cents
454,16,1,Premixed,50,No,Yes,35 cents
454,17,2,Concentrate,50,No,No,49 cents
454,18,2,Powder,50,Yes,Yes,79 cents
454,19,7,Concentrate,100,Yes,No,49 cents
454,20,2,Powder,100,No,Yes,35 cents
454,21,7,Powder,200,Yes,Yes,79 cents
454,22,2,Concentrate,50,No,Yes,35 cents
467,1,7,Concentrate,200,Yes,No,35 cents
467,2,7,Powder,200,Yes,No,35 cents
467,3,4,Premixed,100,Yes,Yes,49 cents
467,4,6,Powder,200,Yes,Yes,49 cents
467,5,2,Powder,50,Yes,No,79 cents
467,6,4,Concentrate,200,No,Yes,79 cents
467,7,4,Premixed,100,Yes,No,79 cents
467,8,6,Premixed,200,Yes,No,49 cents
467,9,5,Powder,100,No,No,49 cents
467,10,4,Concentrate,50,Yes,No,49 cents
467,11,6,Powder,100,No,No,35 cents
467,12,4,Concentrate,100,Yes,No,79 cents
467,13,7,Premixed,200,No,No,79 cents
467,14,4,Premixed,50,Yes,No,35 cents
467,15,4,Concentrate,100,Yes,Yes,35 cents
467,16,5,Premixed,50,No,Yes,35 cents
467,17,5,Concentrate,50,No,No,49 cents
467,18,4,Powder,50,Yes,Yes,79 cents
467,19,3,Concentrate,100,Yes,No,49 cents
467,20,7,Powder,100,No,Yes,35 cents
467,21,6,Powder,200,Yes,Yes,79 cents
467,22,6,Concentrate,50,No,Yes,35 cents
471,1,6,Concentrate,200,Yes,No,35 cents
471,2,6,Powder,200,Yes,No,35 cents
471,3,5,Premixed,100,Yes,Yes,49 cents
471,4,6,Powder,200,Yes,Yes,49 cents
471,5,2,Powder,50,Yes,No,79 cents
471,6,3,Concentrate,200,No,Yes,79 cents
471,7,2,Premixed,100,Yes,No,79 cents
471,8,5,Premixed,200,Yes,No,49 cents
471,9,5,Powder,100,No,No,49 cents
471,10,2,Concentrate,50,Yes,No,49 cents
471,11,6,Powder,100,No,No,35 cents
471,12,1,Concentrate,100,Yes,No,79 cents
471,13,1,Premixed,200,No,No,79 cents
471,14,2,Premixed,50,Yes,No,35 cents
471,15,7,Concentrate,100,Yes,Yes,35 cents
471,16,5,Premixed,50,No,Yes,35 cents
471,17,2,Concentrate,50,No,No,49 cents
471,18,2,Powder,50,Yes,Yes,79 cents
471,19,1,Concentrate,100,Yes,No,49 cents
471,20,7,Powder,100,No,Yes,35 cents
471,21,7,Powder,200,Yes,Yes,79 cents
471,22,7,Concentrate,50,No,Yes,35 cents
472,1,6,Concentrate,200,Yes,No,35 cents
472,2,7,Powder,200,Yes,No,35 cents
472,3,4,Premixed,100,Yes,Yes,49 cents
472,4,3,Powder,200,Yes,Yes,49 cents
472,5,3,Powder,50,Yes,No,79 cents
472,6,2,Concentrate,200,No,Yes,79 cents
472,7,5,Premixed,100,Yes,No,79 cents
472,8,5,Premixed,200,Yes,No,49 cents
472,9,4,Powder,100,No,No,49 cents
472,10,6,Concentrate,50,Yes,No,49 cents
472,11,5,Powder,100,No,No,35 cents
472,12,2,Concentrate,100,Yes,No,79 cents
472,13,2,Premixed,200,No,No,79 cents
472,14,6,Premixed,50,Yes,No,35 cents
472,15,7,Concentrate,100,Yes,Yes,35 cents
472,16,4,Premixed,50,No,Yes,35 cents
472,17,4,Concentrate,50,No,No,49 cents
472,18,2,Powder,50,Yes,Yes,79 cents
472,19,5,Concentrate,100,Yes,No,49 cents
472,20,5,Powder,100,No,Yes,35 cents
472,21,2,Powder,200,Yes,Yes,79 cents
472,22,5,Concentrate,50,No,Yes,35 cents
475,1,6,Concentrate,200,Yes,No,35 cents
475,2,6,Powder,200,Yes,No,35 cents
475,3,4,Premixed,100,Yes,Yes,49 cents
475,4,7,Powder,200,Yes,Yes,49 cents
475,5,2,Powder,50,Yes,No,79 cents
475,6,3,Concentrate,200,No,Yes,79 cents
475,7,3,Premixed,100,Yes,No,79 cents
475,8,6,Premixed,200,Yes,No,49 cents
475,9,2,Powder,100,No,No,49 cents
475,10,4,Concentrate,50,Yes,No,49 cents
475,11,3,Powder,100,No,No,35 cents
475,12,3,Concentrate,100,Yes,No,79 cents
475,13,1,Premixed,200,No,No,79 cents
475,14,5,Premixed,50,Yes,No,35 cents
475,15,5,Concentrate,100,Yes,Yes,35 cents
475,16,2,Premixed,50,No,Yes,35 cents
475,17,2,Concentrate,50,No,No,49 cents
475,18,4,Powder,50,Yes,Yes,79 cents
475,19,5,Concentrate,100,Yes,No,49 cents
475,20,3,Powder,100,No,Yes,35 cents
475,21,4,Powder,200,Yes,Yes,79 cents
475,22,2,Concentrate,50,No,Yes,35 cents
476,1,6,Concentrate,200,Yes,No,35 cents
476,2,6,Powder,200,Yes,No,35 cents
476,3,6,Premixed,100,Yes,Yes,49 cents
476,4,7,Powder,200,Yes,Yes,49 cents
476,5,2,Powder,50,Yes,No,79 cents
476,6,4,Concentrate,200,No,Yes,79 cents
476,7,7,Premixed,100,Yes,No,79 cents
476,8,3,Premixed,200,Yes,No,49 cents
476,9,3,Powder,100,No,No,49 cents
476,10,6,Concentrate,50,Yes,No,49 cents
476,11,7,Powder,100,No,No,35 cents
476,12,7,Concentrate,100,Yes,No,79 cents
476,13,3,Premixed,200,No,No,79 cents
476,14,6,Premixed,50,Yes,No,35 cents
476,15,7,Concentrate,100,Yes,Yes,35 cents
476,16,6,Premixed,50,No,Yes,35 cents
476,17,6,Concentrate,50,No,No,49 cents
476,18,3,Powder,50,Yes,Yes,79 cents
476,19,5,Concentrate,100,Yes,No,49 cents
476,20,5,Powder,100,No,Yes,35 cents
476,21,3,Powder,200,Yes,Yes,79 cents
476,22,5,Concentrate,50,No,Yes,35 cents
492,1,3,Concentrate,200,Yes,No,35 cents
492,2,3,Powder,200,Yes,No,35 cents
492,3,5,Premixed,100,Yes,Yes,49 cents
492,4,6,Powder,200,Yes,Yes,49 cents
492,5,2,Powder,50,Yes,No,79 cents
492,6,5,Concentrate,200,No,Yes,79 cents
492,7,2,Premixed,100,Yes,No,79 cents
492,8,3,Premixed,200,Yes,No,49 cents
492,9,4,Powder,100,No,No,49 cents
492,10,2,Concentrate,50,Yes,No,49 cents
492,11,2,Powder,100,No,No,35 cents
492,12,2,Concentrate,100,Yes,No,79 cents
492,13,2,Premixed,200,No,No,79 cents
492,14,3,Premixed,50,Yes,No,35 cents
492,15,7,Concentrate,100,Yes,Yes,35 cents
492,16,6,Premixed,50,No,Yes,35 cents
492,17,1,Concentrate,50,No,No,49 cents
492,18,5,Powder,50,Yes,Yes,79 cents
492,19,4,Concentrate,100,Yes,No,49 cents
492,20,6,Powder,100,No,Yes,35 cents
492,21,6,Powder,200,Yes,Yes,79 cents
492,22,4,Concentrate,50,No,Yes,35 cents
502,1,5,Concentrate,200,Yes,No,35 cents
502,2,7,Powder,200,Yes,No,35 cents
502,3,4,Premixed,100,Yes,Yes,49 cents
502,4,5,Powder,200,Yes,Yes,49 cents
502,5,2,Powder,50,Yes,No,79 cents
502,6,3,Concentrate,200,No,Yes,79 cents
502,7,2,Premixed,100,Yes,No,79 cents
502,8,5,Premixed,200,Yes,No,49 cents
502,9,6,Powder,100,No,No,49 cents
502,10,6,Concentrate,50,Yes,No,49 cents
502,11,6,Powder,100,No,No,35 cents
502,12,3,Concentrate,100,Yes,No,79 cents
502,13,2,Premixed,200,No,No,79 cents
502,14,5,Premixed,50,Yes,No,35 cents
502,15,6,Concentrate,100,Yes,Yes,35 cents
502,16,4,Premixed,50,No,Yes,35 cents
502,17,4,Concentrate,50,No,No,49 cents
502,18,2,Powder,50,Yes,Yes,79 cents
502,19,4,Concentrate,100,Yes,No,49 cents
502,20,4,Powder,100,No,Yes,35 cents
502,21,2,Powder,200,Yes,Yes,79 cents
502,22,4,Concentrate,50,No,Yes,35 cents
507,1,2,Concentrate,200,Yes,No,35 cents
507,2,4,Powder,200,Yes,No,35 cents
507,3,2,Premixed,100,Yes,Yes,49 cents
507,4,3,Powder,200,Yes,Yes,49 cents
507,5,1,Powder,50,Yes,No,79 cents
507,6,2,Concentrate,200,No,Yes,79 cents
507,7,1,Premixed,100,Yes,No,79 cents
507,8,2,Premixed,200,Yes,No,49 cents
507,9,1,Powder,100,No,No,49 cents
507,10,1,Concentrate,50,Yes,No,49 cents
507,11,4,Powder,100,No,No,35 cents
507,12,1,Concentrate,100,Yes,No,79 cents
507,13,1,Premixed,200,No,No,79 cents
507,14,1,Premixed,50,Yes,No,35 cents
507,15,2,Concentrate,100,Yes,Yes,35 cents
507,16,3,Premixed,50,No,Yes,35 cents
507,17,1,Concentrate,50,No,No,49 cents
507,18,1,Powder,50,Yes,Yes,79 cents
507,19,1,Concentrate,100,Yes,No,49 cents
507,20,5,Powder,100,No,Yes,35 cents
507,21,1,Powder,200,Yes,Yes,79 cents
507,22,2,Concentrate,50,No,Yes,35 cents
514,1,4,Concentrate,200,Yes,No,35 cents
514,2,6,Powder,200,Yes,No,35 cents
514,3,4,Premixed,100,Yes,Yes,49 cents
514,4,6,Powder,200,Yes,Yes,49 cents
514,5,2,Powder,50,Yes,No,79 cents
514,6,3,Concentrate,200,No,Yes,79 cents
514,7,2,Premixed,100,Yes,No,79 cents
514,8,5,Premixed,200,Yes,No,49 cents
514,9,4,Powder,100,No,No,49 cents
514,10,5,Concentrate,50,Yes,No,49 cents
514,11,5,Powder,100,No,No,35 cents
514,12,2,Concentrate,100,Yes,No,79 cents
514,13,2,Premixed,200,No,No,79 cents
514,14,4,Premixed,50,Yes,No,35 cents
514,15,6,Concentrate,100,Yes,Yes,35 cents
514,16,3,Premixed,50,No,Yes,35 cents
514,17,5,Concentrate,50,No,No,49 cents
514,18,2,Powder,50,Yes,Yes,79 cents
514,19,5,Concentrate,100,Yes,No,49 cents
514,20,5,Powder,100,No,Yes,35 cents
514,21,2,Powder,200,Yes,Yes,79 cents
514,22,5,Concentrate,50,No,Yes,35 cents
516,1,7,Concentrate,200,Yes,No,35 cents
516,2,6,Powder,200,Yes,No,35 cents
516,3,5,Premixed,100,Yes,Yes,49 cents
516,4,7,Powder,200,Yes,Yes,49 cents
516,5,4,Powder,50,Yes,No,79 cents
516,6,3,Concentrate,200,No,Yes,79 cents
516,7,4,Premixed,100,Yes,No,79 cents
516,8,5,Premixed,200,Yes,No,49 cents
516,9,5,Powder,100,No,No,49 cents
516,10,5,Concentrate,50,Yes,No,49 cents
516,11,4,Powder,100,No,No,35 cents
516,12,5,Concentrate,100,Yes,No,79 cents
516,13,3,Premixed,200,No,No,79 cents
516,14,5,Premixed,50,Yes,No,35 cents
516,15,5,Concentrate,100,Yes,Yes,35 cents
516,16,2,Premixed,50,No,Yes,35 cents
516,17,2,Concentrate,50,No,No,49 cents
516,18,4,Powder,50,Yes,Yes,79 cents
516,19,6,Concentrate,100,Yes,No,49 cents
516,20,3,Powder,100,No,Yes,35 cents
516,21,7,Powder,200,Yes,Yes,79 cents
516,22,3,Concentrate,50,No,Yes,35 cents
518,1,7,Concentrate,200,Yes,No,35 cents
518,2,5,Powder,200,Yes,No,35 cents
518,3,5,Premixed,100,Yes,Yes,49 cents
518,4,6,Powder,200,Yes,Yes,49 cents
518,5,4,Powder,50,Yes,No,79 cents
518,6,3,Concentrate,200,No,Yes,79 cents
518,7,2,Premixed,100,Yes,No,79 cents
518,8,4,Premixed,200,Yes,No,49 cents
518,9,3,Powder,100,No,No,49 cents
518,10,3,Concentrate,50,Yes,No,49 cents
518,11,3,Powder,100,No,No,35 cents
518,12,6,Concentrate,100,Yes,No,79 cents
518,13,2,Premixed,200,No,No,79 cents
518,14,2,Premixed,50,Yes,No,35 cents
518,15,7,Concentrate,100,Yes,Yes,35 cents
518,16,2,Premixed,50,No,Yes,35 cents
518,17,3,Concentrate,50,No,No,49 cents
518,18,5,Powder,50,Yes,Yes,79 cents
518,19,6,Concentrate,100,Yes,No,49 cents
518,20,3,Powder,100,No,Yes,35 cents
518,21,7,Powder,200,Yes,Yes,79 cents
518,22,2,Concentrate,50,No,Yes,35 cents
520,1,5,Concentrate,200,Yes,No,35 cents
520,2,6,Powder,200,Yes,No,35 cents
520,3,3,Premixed,100,Yes,Yes,49 cents
520,4,4,Powder,200,Yes,Yes,49 cents
520,5,2,Powder,50,Yes,No,79 cents
520,6,3,Concentrate,200,No,Yes,79 cents
520,7,2,Premixed,100,Yes,No,79 cents
520,8,5,Premixed,200,Yes,No,49 cents
520,9,1,Powder,100,No,No,49 cents
520,10,4,Concentrate,50,Yes,No,49 cents
520,11,5,Powder,100,No,No,35 cents
520,12,3,Concentrate,100,Yes,No,79 cents
520,13,2,Premixed,200,No,No,79 cents
520,14,5,Premixed,50,Yes,No,35 cents
520,15,4,Concentrate,100,Yes,Yes,35 cents
520,16,5,Premixed,50,No,Yes,35 cents
520,17,3,Concentrate,50,No,No,49 cents
520,18,3,Powder,50,Yes,Yes,79 cents
520,19,3,Concentrate,100,Yes,No,49 cents
520,20,6,Powder,100,No,Yes,35 cents
520,21,5,Powder,200,Yes,Yes,79 cents
520,22,6,Concentrate,50,No,Yes,35 cents
522,1,7,Concentrate,200,Yes,No,35 cents
522,2,6,Powder,200,Yes,No,35 cents
522,3,4,Premixed,100,Yes,Yes,49 cents
522,4,5,Powder,200,Yes,Yes,49 cents
522,5,2,Powder,50,Yes,No,79 cents
522,6,1,Concentrate,200,No,Yes,79 cents
522,7,2,Premixed,100,Yes,No,79 cents
522,8,5,Premixed,200,Yes,No,49 cents
522,9,2,Powder,100,No,No,49 cents
522,10,5,Concentrate,50,Yes,No,49 cents
522,11,3,Powder,100,No,No,35 cents
522,12,4,Concentrate,100,Yes,No,79 cents
522,13,1,Premixed,200,No,No,79 cents
522,14,5,Premixed,50,Yes,No,35 cents
522,15,5,Concentrate,100,Yes,Yes,35 cents
522,16,3,Premixed,50,No,Yes,35 cents
522,17,2,Concentrate,50,No,No,49 cents
522,18,4,Powder,50,Yes,Yes,79 cents
522,19,5,Concentrate,100,Yes,No,49 cents
522,20,4,Powder,100,No,Yes,35 cents
522,21,4,Powder,200,Yes,Yes,79 cents
522,22,2,Concentrate,50,No,Yes,35 cents
528,1,4,Concentrate,200,Yes,No,35 cents
528,2,5,Powder,200,Yes,No,35 cents
528,3,6,Premixed,100,Yes,Yes,49 cents
528,4,6,Powder,200,Yes,Yes,49 cents
528,5,5,Powder,50,Yes,No,79 cents
528,6,3,Concentrate,200,No,Yes,79 cents
528,7,4,Premixed,100,Yes,No,79 cents
528,8,6,Premixed,200,Yes,No,49 cents
528,9,1,Powder,100,No,No,49 cents
528,10,6,Concentrate,50,Yes,No,49 cents
528,11,3,Powder,100,No,No,35 cents
528,12,5,Concentrate,100,Yes,No,79 cents
528,13,3,Premixed,200,No,No,79 cents
528,14,6,Premixed,50,Yes,No,35 cents
528,15,6,Concentrate,100,Yes,Yes,35 cents
528,16,3,Premixed,50,No,Yes,35 cents
528,17,2,Concentrate,50,No,No,49 cents
528,18,5,Powder,50,Yes,Yes,79 cents
528,19,6,Concentrate,100,Yes,No,49 cents
528,20,4,Powder,100,No,Yes,35 cents
528,21,6,Powder,200,Yes,Yes,79 cents
528,22,4,Concentrate,50,No,Yes,35 cents
535,1,5,Concentrate,200,Yes,No,35 cents
535,2,4,Powder,200,Yes,No,35 cents
535,3,1,Premixed,100,Yes,Yes,49 cents
535,4,6,Powder,200,Yes,Yes,49 cents
535,5,1,Powder,50,Yes,No,79 cents
535,6,6,Concentrate,200,No,Yes,79 cents
535,7,1,Premixed,100,Yes,No,79 cents
535,8,4,Premixed,200,Yes,No,49 cents
535,9,1,Powder,100,No,No,49 cents
535,10,5,Concentrate,50,Yes,No,49 cents
535,11,4,Powder,100,No,No,35 cents
535,12,1,Concentrate,100,Yes,No,79 cents
535,13,4,Premixed,200,No,No,79 cents
535,14,6,Premixed,50,Yes,No,35 cents
535,15,6,Concentrate,100,Yes,Yes,35 cents
535,16,6,Premixed,50,No,Yes,35 cents
535,17,4,Concentrate,50,No,No,49 cents
535,18,5,Powder,50,Yes,Yes,79 cents
535,19,1,Concentrate,100,Yes,No,49 cents
535,20,4,Powder,100,No,Yes,35 cents
535,21,1,Powder,200,Yes,Yes,79 cents
535,22,4,Concentrate,50,No,Yes,35 cents
538,1,4,Concentrate,200,Yes,No,35 cents
538,2,1,Powder,200,Yes,No,35 cents
538,3,4,Premixed,100,Yes,Yes,49 cents
538,4,1,Powder,200,Yes,Yes,49 cents
538,5,4,Powder,50,Yes,No,79 cents
538,6,4,Concentrate,200,No,Yes,79 cents
538,7,5,Premixed,100,Yes,No,79 cents
538,8,5,Premixed,200,Yes,No,49 cents
538,9,5,Powder,100,No,No,49 cents
538,10,4,Concentrate,50,Yes,No,49 cents
538,11,3,Powder,100,No,No,35 cents
538,12,2,Concentrate,100,Yes,No,79 cents
538,13,5,Premixed,200,No,No,79 cents
538,14,7,Premixed,50,Yes,No,35 cents
538,15,4,Concentrate,100,Yes,Yes,35 cents
538,16,6,Premixed,50,No,Yes,35 cents
538,17,5,Concentrate,50,No,No,49 cents
538,18,5,Powder,50,Yes,Yes,79 cents
538,19,2,Concentrate,100,Yes,No,49 cents
538,20,3,Powder,100,No,Yes,35 cents
538,21,1,Powder,200,Yes,Yes,79 cents
538,22,4,Concentrate,50,No,Yes,35 cents
557,1,5,Concentrate,200,Yes,No,35 cents
557,2,6,Powder,200,Yes,No,35 cents
557,3,3,Premixed,100,Yes,Yes,49 cents
557,4,7,Powder,200,Yes,Yes,49 cents
557,5,5,Powder,50,Yes,No,79 cents
557,6,2,Concentrate,200,No,Yes,79 cents
557,7,3,Premixed,100,Yes,No,79 cents
557,8,5,Premixed,200,Yes,No,49 cents
557,9,3,Powder,100,No,No,49 cents
557,10,5,Concentrate,50,Yes,No,49 cents
557,11,2,Powder,100,No,No,35 cents
557,12,5,Concentrate,100,Yes,No,79 cents
557,13,2,Premixed,200,No,No,79 cents
557,14,5,Premixed,50,Yes,No,35 cents
557,15,5,Concentrate,100,Yes,Yes,35 cents
557,16,2,Premixed,50,No,Yes,35 cents
557,17,2,Concentrate,50,No,No,49 cents
557,18,5,Powder,50,Yes,Yes,79 cents
557,19,5,Concentrate,100,Yes,No,49 cents
557,20,3,Powder,100,No,Yes,35 cents
557,21,6,Powder,200,Yes,Yes,79 cents
557,22,3,Concentrate,50,No,Yes,35 cents
559,1,5,Concentrate,200,Yes,No,35 cents
559,2,5,Powder,200,Yes,No,35 cents
559,3,2,Premixed,100,Yes,Yes,49 cents
559,4,4,Powder,200,Yes,Yes,49 cents
559,5,1,Powder,50,Yes,No,79 cents
559,6,1,Concentrate,200,No,Yes,79 cents
559,7,1,Premixed,100,Yes,No,79 cents
559,8,4,Premixed,200,Yes,No,49 cents
559,9,4,Powder,100,No,No,49 cents
559,10,2,Concentrate,50,Yes,No,49 cents
559,11,5,Powder,100,No,No,35 cents
559,12,2,Concentrate,100,Yes,No,79 cents
559,13,1,Premixed,200,No,No,79 cents
559,14,3,Premixed,50,Yes,No,35 cents
559,15,5,Concentrate,100,Yes,Yes,35 cents
559,16,7,Premixed,50,No,Yes,35 cents
559,17,2,Concentrate,50,No,No,49 cents
559,18,1,Powder,50,Yes,Yes,79 cents
559,19,3,Concentrate,100,Yes,No,49 cents
559,20,6,Powder,100,No,Yes,35 cents
559,21,2,Powder,200,Yes,Yes,79 cents
559,22,6,Concentrate,50,No,Yes,35 cents
578,1,7,Concentrate,200,Yes,No,35 cents
578,2,6,Powder,200,Yes,No,35 cents
578,3,5,Premixed,100,Yes,Yes,49 cents
578,4,6,Powder,200,Yes,Yes,49 cents
578,5,4,Powder,50,Yes,No,79 cents
578,6,1,Concentrate,200,No,Yes,79 cents
578,7,2,Premixed,100,Yes,No,79 cents
578,8,5,Premixed,200,Yes,No,49 cents
578,9,2,Powder,100,No,No,49 cents
578,10,5,Concentrate,50,Yes,No,49 cents
578,11,2,Powder,100,No,No,35 cents
578,12,2,Concentrate,100,Yes,No,79 cents
578,13,1,Premixed,200,No,No,79 cents
578,14,2,Premixed,50,Yes,No,35 cents
578,15,6,Concentrate,100,Yes,Yes,35 cents
578,16,3,Premixed,50,No,Yes,35 cents
578,17,3,Concentrate,50,No,No,49 cents
578,18,2,Powder,50,Yes,Yes,79 cents
578,19,3,Concentrate,100,Yes,No,49 cents
578,20,2,Powder,100,No,Yes,35 cents
578,21,2,Powder,200,Yes,Yes,79 cents
578,22,2,Concentrate,50,No,Yes,35 cents
580,1,6,Concentrate,200,Yes,No,35 cents
580,2,3,Powder,200,Yes,No,35 cents
580,3,5,Premixed,100,Yes,Yes,49 cents
580,4,5,Powder,200,Yes,Yes,49 cents
580,5,3,Powder,50,Yes,No,79 cents
580,6,2,Concentrate,200,No,Yes,79 cents
580,7,4,Premixed,100,Yes,No,79 cents
580,8,6,Premixed,200,Yes,No,49 cents
580,9,6,Powder,100,No,No,49 cents
580,10,5,Concentrate,50,Yes,No,49 cents
580,11,2,Powder,100,No,No,35 cents
580,12,4,Concentrate,100,Yes,No,79 cents
580,13,4,Premixed,200,No,No,79 cents
580,14,6,Premixed,50,Yes,No,35 cents
580,15,7,Concentrate,100,Yes,Yes,35 cents
580,16,5,Premixed,50,No,Yes,35 cents
580,17,3,Concentrate,50,No,No,49 cents
580,18,4,Powder,50,Yes,Yes,79 cents
580,19,5,Concentrate,100,Yes,No,49 cents
580,20,3,Powder,100,No,Yes,35 cents
580,21,2,Powder,200,Yes,Yes,79 cents
580,22,3,Concentrate,50,No,Yes,35 cents
586,1,6,Concentrate,200,Yes,No,35 cents
586,2,6,Powder,200,Yes,No,35 cents
586,3,4,Premixed,100,Yes,Yes,49 cents
586,4,5,Powder,200,Yes,Yes,49 cents
586,5,2,Powder,50,Yes,No,79 cents
586,6,1,Concentrate,200,No,Yes,79 cents
586,7,1,Premixed,100,Yes,No,79 cents
586,8,6,Premixed,200,Yes,No,49 cents
586,9,5,Powder,100,No,No,49 cents
586,10,5,Concentrate,50,Yes,No,49 cents
586,11,7,Powder,100,No,No,35 cents
586,12,2,Concentrate,100,Yes,No,79 cents
586,13,1,Premixed,200,No,No,79 cents
586,14,6,Premixed,50,Yes,No,35 cents
586,15,7,Concentrate,100,Yes,Yes,35 cents
586,16,7,Premixed,50,No,Yes,35 cents
586,17,5,Concentrate,50,No,No,49 cents
586,18,2,Powder,50,Yes,Yes,79 cents
586,19,5,Concentrate,100,Yes,No,49 cents
586,20,7,Powder,100,No,Yes,35 cents
586,21,1,Powder,200,Yes,Yes,79 cents
586,22,7,Concentrate,50,No,Yes,35 cents
589,1,5,Concentrate,200,Yes,No,35 cents
589,2,5,Powder,200,Yes,No,35 cents
589,3,2,Premixed,100,Yes,Yes,49 cents
589,4,1,Powder,200,Yes,Yes,49 cents
589,5,1,Powder,50,Yes,No,79 cents
589,6,1,Concentrate,200,No,Yes,79 cents
589,7,1,Premixed,100,Yes,No,79 cents
589,8,1,Premixed,200,Yes,No,49 cents
589,9,2,Powder,100,No,No,49 cents
589,10,2,Concentrate,50,Yes,No,49 cents
589,11,4,Powder,100,No,No,35 cents
589,12,1,Concentrate,100,Yes,No,79 cents
589,13,1,Premixed,200,No,No,79 cents
589,14,4,Premixed,50,Yes,No,35 cents
589,15,5,Concentrate,100,Yes,Yes,35 cents
589,16,2,Premixed,50,No,Yes,35 cents
589,17,2,Concentrate,50,No,No,49 cents
589,18,2,Powder,50,Yes,Yes,79 cents
589,19,1,Concentrate,100,Yes,No,49 cents
589,20,4,Powder,100,No,Yes,35 cents
589,21,1,Powder,200,Yes,Yes,79 cents
589,22,2,Concentrate,50,No,Yes,35 cents
592,1,5,Concentrate,200,Yes,No,35 cents
592,2,5,Powder,200,Yes,No,35 cents
592,3,2,Premixed,100,Yes,Yes,49 cents
592,4,4,Powder,200,Yes,Yes,49 cents
592,5,1,Powder,50,Yes,No,79 cents
592,6,1,Concentrate,200,No,Yes,79 cents
592,7,1,Premixed,100,Yes,No,79 cents
592,8,4,Premixed,200,Yes,No,49 cents
592,9,2,Powder,100,No,No,49 cents
592,10,3,Concentrate,50,Yes,No,49 cents
592,11,5,Powder,100,No,No,35 cents
592,12,2,Concentrate,100,Yes,No,79 cents
592,13,1,Premixed,200,No,No,79 cents
592,14,4,Premixed,50,Yes,No,35 cents
592,15,7,Concentrate,100,Yes,Yes,35 cents
592,16,6,Premixed,50,No,Yes,35 cents
592,17,1,Concentrate,50,No,No,49 cents
592,18,2,Powder,50,Yes,Yes,79 cents
592,19,4,Concentrate,100,Yes,No,49 cents
592,20,5,Powder,100,No,Yes,35 cents
592,21,1,Powder,200,Yes,Yes,79 cents
592,22,5,Concentrate,50,No,Yes,35 cents
